序号,中文名称,注册ID
1,骨块,minecraft:bone_block
2,骨粉,minecraft:bone_meal
3,煤炭,minecraft:coal
4,煤炭块,minecraft:coal_block
5,铜块,minecraft:copper_block
6,铜锭,minecraft:copper_ingot
7,铜粒,minecraft:copper_nugget
8,钻石,minecraft:diamond
9,钻石块,minecraft:diamond_block
10,干海带,minecraft:dried_kelp
11,干海带块,minecraft:dried_kelp_block
12,绿宝石,minecraft:emerald
13,绿宝石块,minecraft:emerald_block
14,金块,minecraft:gold_block
15,金锭,minecraft:gold_ingot
16,金粒,minecraft:gold_nugget
17,干草捆,minecraft:hay_block
18,铁块,minecraft:iron_block
19,铁锭,minecraft:iron_ingot
20,铁粒,minecraft:iron_nugget
21,青金石块,minecraft:lapis_block
22,青金石,minecraft:lapis_lazuli
23,下界合金块,minecraft:netherite_block
24,下界合金锭,minecraft:netherite_ingot
25,粗铜,minecraft:raw_copper
26,粗铜块,minecraft:raw_copper_block
27,粗金,minecraft:raw_gold
28,粗金块,minecraft:raw_gold_block
29,粗铁,minecraft:raw_iron
30,粗铁块,minecraft:raw_iron_block
31,红石粉,minecraft:redstone
32,红石块,minecraft:redstone_block
33,树脂块,minecraft:resin_block
34,树脂团,minecraft:resin_clump
35,黏液球,minecraft:slime_ball
36,黏液块,minecraft:slime_block
37,小麦,minecraft:wheat
