事件ID / 审核键,中文事件,行业,触发条件,完成时机（计分点）,目标对象 / 示例,计量方式,原版统计 / 底层注入点,计量口径,目标每单位规模,目标每单位建设度,计入个人建设度,开销验证,自动化风险,实现约束,备注/设计依据,实现状态,当前行业,当前单位规模,当前单位建设度,去重与归属约束,证据与核验边界,修订原因,当前实际覆盖范围,目标行业稳定ID,主计分来源,计分身份,互斥规则,单点采集与去重方式,可接受的判定误差
contribution:process/furnace/mineral_output,熔炉产出矿冶产品,采矿冶金,熔炉烧炼完成，产物属于 process_furnace_mineral 物品标签,输出槽物品数量实际增加时,铁锭、铜锭、金锭、下界合金碎片、钻石、青金石、红石粉、煤炭、绿宝石、下界石英、铁粒、金粒、铜粒,output_item,服务端完成点；原版统计/进度仅作语义参考，未自动桥接,按产物标签判定；以实际增加数量计，未产出不计,1,1,否（服务器事件）,未测量。单次完成回调内局部判断，不新增轮询、时间窗口或历史缓存；高频事件仍需实测。,未校准：低：需燃料与原料，受炉子数量限制；材料成本不能证明不可循环，需看实际行为分布,目标只在本行完成分支采集，具体接入状态见当前列。可用同一次调用内的短时前后快照，不新增跨事件关联或长期缓存。,核实实际完成结果；不以右键尝试、UI打开或加载作为成功事件。；当前对象范围见末列，不能以目标示例判断已实现覆盖。,已接入；目标差异见当前列,采矿冶金,1,1,一次实际产出只按一个炉型、一个产物标签归行业；不得在取出或物品掉落时再计。只在本条一个服务端完成分支记录一次；对应通用计分入口按规则排除。不分配跨钩子完成序号，不维护额外去重表。,code/src/main/resources/data/contribution/contribution/game_event_industry_map.json；对应Mixin/PlayerDistanceAdapter,核对现有运行时与候选事件分界；删除无依据的低开销/低风险保证。,实际标签成员：minecraft:iron_ingot、minecraft:gold_ingot、minecraft:copper_ingot、minecraft:stone、minecraft:smooth_stone、minecraft:glass、minecraft:brick、minecraft:nether_brick、minecraft:terracotta,contribution:mining_metallurgy,炉子配方产出,互斥产物分类,一次实际产出只按一个炉型、一个产物标签归行业；不得在取出或物品掉落时再计,只在本条一个服务端完成分支记录一次；对应通用计分入口按规则排除。不分配跨钩子完成序号，不维护额外去重表。,只用当次可靠主体；缺失则记服务器。接受反复合法操作再次计数，不判断长期净收益。
contribution:process/furnace/chemical_output,熔炉产出化工产品,能源化工,熔炉烧炼完成，产物属于 process_furnace_chemical 物品标签,输出槽物品数量实际增加时,树脂砖、木炭、绿色染料、爆裂紫颂果、黄绿色染料,output_item,服务端完成点；原版统计/进度仅作语义参考，未自动桥接,按产物标签判定；实际增加数量,1,1,否（服务器事件）,未测量。单次完成回调内局部判断，不新增轮询、时间窗口或历史缓存；高频事件仍需实测。,未校准：低；材料成本不能证明不可循环，需看实际行为分布,目标只在本行完成分支采集，具体接入状态见当前列。可用同一次调用内的短时前后快照，不新增跨事件关联或长期缓存。,核实实际完成结果；不以右键尝试、UI打开或加载作为成功事件。；当前对象范围见末列，不能以目标示例判断已实现覆盖。,已接入；目标差异见当前列,能源化工,1,1,一次实际产出只按一个炉型、一个产物标签归行业；不得在取出或物品掉落时再计。只在本条一个服务端完成分支记录一次；对应通用计分入口按规则排除。不分配跨钩子完成序号，不维护额外去重表。,code/src/main/resources/data/contribution/contribution/game_event_industry_map.json；对应Mixin/PlayerDistanceAdapter,核对现有运行时与候选事件分界；删除无依据的低开销/低风险保证。,实际标签成员：minecraft:green_dye、minecraft:lime_dye、minecraft:charcoal、minecraft:resin_brick,contribution:energy_chemical,炉子配方产出,互斥产物分类,一次实际产出只按一个炉型、一个产物标签归行业；不得在取出或物品掉落时再计,只在本条一个服务端完成分支记录一次；对应通用计分入口按规则排除。不分配跨钩子完成序号，不维护额外去重表。,只用当次可靠主体；缺失则记服务器。接受反复合法操作再次计数，不判断长期净收益。
contribution:process/furnace/material_output,熔炉产出加工材料,加工制造,熔炉烧炼完成，产物属于 process_furnace_material 物品标签,输出槽物品数量实际增加时,玻璃、石头、深板岩、平滑石头、平滑砂岩、平滑红砂岩、平滑石英块、红砖、下界砖、陶瓦、裂纹石砖、裂纹下界砖块、裂纹磨制黑石砖、裂纹深板岩砖、裂纹深板岩瓦、平滑玄武岩、带釉陶瓦、枯叶堆、海绵,output_item,服务端完成点；原版统计/进度仅作语义参考，未自动桥接,按产物标签判定；实际增加数量,1,1,否（服务器事件）,未测量。单次完成回调内局部判断，不新增轮询、时间窗口或历史缓存；高频事件仍需实测。,未校准：低；材料成本不能证明不可循环，需看实际行为分布,目标只在本行完成分支采集，具体接入状态见当前列。可用同一次调用内的短时前后快照，不新增跨事件关联或长期缓存。,核实实际完成结果；不以右键尝试、UI打开或加载作为成功事件。；当前对象范围见末列，不能以目标示例判断已实现覆盖。,已接入；目标差异见当前列,加工制造,1,1,一次实际产出只按一个炉型、一个产物标签归行业；不得在取出或物品掉落时再计。只在本条一个服务端完成分支记录一次；对应通用计分入口按规则排除。不分配跨钩子完成序号，不维护额外去重表。,code/src/main/resources/data/contribution/contribution/game_event_industry_map.json；对应Mixin/PlayerDistanceAdapter,核对现有运行时与候选事件分界；删除无依据的低开销/低风险保证。,实际标签成员：minecraft:cracked_stone_bricks、minecraft:cracked_deepslate_bricks、minecraft:cracked_deepslate_tiles、minecraft:cracked_nether_bricks,contribution:processing_manufacturing,炉子配方产出,互斥产物分类,一次实际产出只按一个炉型、一个产物标签归行业；不得在取出或物品掉落时再计,只在本条一个服务端完成分支记录一次；对应通用计分入口按规则排除。不分配跨钩子完成序号，不维护额外去重表。,只用当次可靠主体；缺失则记服务器。接受反复合法操作再次计数，不判断长期净收益。
contribution:process/furnace/food_output,熔炉产出食物,军工食药,熔炉烧炼完成，产物属于 process_furnace_food 物品标签,输出槽物品数量实际增加时,熟猪排、牛排、熟鸡肉、熟鳕鱼、熟鲑鱼、烤马铃薯、熟羊肉、熟兔肉、干海带,output_item,服务端完成点；原版统计/进度仅作语义参考，未自动桥接,按产物标签判定；实际增加数量,1,1,否（服务器事件）,未测量。单次完成回调内局部判断，不新增轮询、时间窗口或历史缓存；高频事件仍需实测。,未校准：低；材料成本不能证明不可循环，需看实际行为分布,目标只在本行完成分支采集，具体接入状态见当前列。可用同一次调用内的短时前后快照，不新增跨事件关联或长期缓存。,核实实际完成结果；不以右键尝试、UI打开或加载作为成功事件。；当前对象范围见末列，不能以目标示例判断已实现覆盖。,已接入；目标差异见当前列,军工食药,1,1,一次实际产出只按一个炉型、一个产物标签归行业；不得在取出或物品掉落时再计。只在本条一个服务端完成分支记录一次；对应通用计分入口按规则排除。不分配跨钩子完成序号，不维护额外去重表。,code/src/main/resources/data/contribution/contribution/game_event_industry_map.json；对应Mixin/PlayerDistanceAdapter,核对现有运行时与候选事件分界；删除无依据的低开销/低风险保证。,实际标签成员：minecraft:baked_potato、minecraft:cooked_beef、minecraft:cooked_chicken、minecraft:cooked_cod、minecraft:cooked_mutton、minecraft:cooked_porkchop、minecraft:cooked_rabbit、minecraft:cooked_salmon、minecraft:dried_kelp,contribution:military_food_medicine,炉子配方产出,互斥产物分类,一次实际产出只按一个炉型、一个产物标签归行业；不得在取出或物品掉落时再计,只在本条一个服务端完成分支记录一次；对应通用计分入口按规则排除。不分配跨钩子完成序号，不维护额外去重表。,只用当次可靠主体；缺失则记服务器。接受反复合法操作再次计数，不判断长期净收益。
contribution:process/blast_furnace/output,高炉完成加工,采矿冶金,高炉烧炼完成并产出（高炉只炼矿石与金属类）,输出槽物品数量实际增加时,各类矿物、金属锭、工具与盔甲的烧炼产物,output_item,服务端完成点；原版统计/进度仅作语义参考，未自动桥接,实际增加数量,1,1,否（服务器事件）,未测量。单次完成回调内局部判断，不新增轮询、时间窗口或历史缓存；高频事件仍需实测。,未校准：低；材料成本不能证明不可循环，需看实际行为分布,目标只在本行完成分支采集，具体接入状态见当前列。可用同一次调用内的短时前后快照，不新增跨事件关联或长期缓存。,核实实际完成结果；不以右键尝试、UI打开或加载作为成功事件。,已接入；目标差异见当前列,采矿冶金,1,1,同一结果只选一个主入口；原版统计、进度和专用钩子不得重复入账。只在本条一个服务端完成分支记录一次；对应通用计分入口按规则排除。不分配跨钩子完成序号，不维护额外去重表。,code/src/main/resources/data/contribution/contribution/game_event_industry_map.json；对应Mixin/PlayerDistanceAdapter,核对现有运行时与候选事件分界；删除无依据的低开销/低风险保证。,以对应现有适配器成功分支为准；详见实现约束与证据列,contribution:mining_metallurgy,专用完成结果,独立完成结果,同一结果只选一个主入口；原版统计、进度和专用钩子不得重复入账,只在本条一个服务端完成分支记录一次；对应通用计分入口按规则排除。不分配跨钩子完成序号，不维护额外去重表。,只用当次可靠主体；缺失则记服务器。接受反复合法操作再次计数，不判断长期净收益。
contribution:process/smoker/output,烟熏炉完成加工,军工食药,烟熏炉烧炼完成并产出（烟熏炉只产食物）,输出槽物品数量实际增加时,各类熟食,output_item,服务端完成点；原版统计/进度仅作语义参考，未自动桥接,实际增加数量,1,1,否（服务器事件）,未测量。单次完成回调内局部判断，不新增轮询、时间窗口或历史缓存；高频事件仍需实测。,未校准：低；材料成本不能证明不可循环，需看实际行为分布,目标只在本行完成分支采集，具体接入状态见当前列。可用同一次调用内的短时前后快照，不新增跨事件关联或长期缓存。,核实实际完成结果；不以右键尝试、UI打开或加载作为成功事件。,已接入；目标差异见当前列,军工食药,1,1,同一结果只选一个主入口；原版统计、进度和专用钩子不得重复入账。只在本条一个服务端完成分支记录一次；对应通用计分入口按规则排除。不分配跨钩子完成序号，不维护额外去重表。,code/src/main/resources/data/contribution/contribution/game_event_industry_map.json；对应Mixin/PlayerDistanceAdapter,核对现有运行时与候选事件分界；删除无依据的低开销/低风险保证。,以对应现有适配器成功分支为准；详见实现约束与证据列,contribution:military_food_medicine,专用完成结果,独立完成结果,同一结果只选一个主入口；原版统计、进度和专用钩子不得重复入账,只在本条一个服务端完成分支记录一次；对应通用计分入口按规则排除。不分配跨钩子完成序号，不维护额外去重表。,只用当次可靠主体；缺失则记服务器。接受反复合法操作再次计数，不判断长期净收益。
contribution:process/crafter/output,合成器完成自动合成,加工制造,合成器配方成功生成产物,配方成功生成产物后,合成器可制作的任意产物,output_item,CrafterMixin 成功产物生成分支；不能引用玩家triggerRecipeCrafted作为自动生产完成点,实际产物数量,1,1,否（服务器事件）,未测量。单次完成回调内局部判断，不新增轮询、时间窗口或历史缓存；高频事件仍需实测。,未校准：中：需大量材料，且合成器有冷却；材料成本不能证明不可循环，需看实际行为分布,目标只在本行完成分支采集，具体接入状态见当前列。可用同一次调用内的短时前后快照，不新增跨事件关联或长期缓存。,核实实际完成结果；不以右键尝试、UI打开或加载作为成功事件。,已接入；目标差异见当前列,加工制造,1,1,同一结果只选一个主入口；原版统计、进度和专用钩子不得重复入账。只在本条一个服务端完成分支记录一次；对应通用计分入口按规则排除。不分配跨钩子完成序号，不维护额外去重表。,code/src/main/resources/data/contribution/contribution/game_event_industry_map.json；对应Mixin/PlayerDistanceAdapter,核对现有运行时与候选事件分界；删除无依据的低开销/低风险保证。,以对应现有适配器成功分支为准；详见实现约束与证据列,contribution:processing_manufacturing,专用完成结果,独立完成结果,同一结果只选一个主入口；原版统计、进度和专用钩子不得重复入账,只在本条一个服务端完成分支记录一次；对应通用计分入口按规则排除。不分配跨钩子完成序号，不维护额外去重表。,只用当次可靠主体；缺失则记服务器。接受反复合法操作再次计数，不判断长期净收益。
contribution:process/brewing,酿造台产物栏发生变化,能源化工,酿造台一次酿造过程中，产物栏（3 个槽位）中任意一个槽位的物品内容发生变化,doBrew 完成后；逐槽比较物品与组件，只计非空且发生转换的结果数量,所有可酿造药水、喷溅药水、滞留药水、龙息相关,output_item,BrewingStandBlockEntity#doBrew（本项目已注入）,一次酿造可产生 1—3 份转换产物；不计取出、放入、燃料扣除,1,1,否（服务器事件）,未测量。单次完成回调内局部判断，不新增轮询、时间窗口或历史缓存；高频事件仍需实测。,未校准：低：需酿造材料（烈焰粉 + 材料）；材料成本不能证明不可循环，需看实际行为分布,目标只在本行完成分支采集，具体接入状态见当前列。可用同一次调用内的短时前后快照，不新增跨事件关联或长期缓存。,现有 doBrew 前后比较三槽组件，已经按变化产物数量计；删除整批一次及取出槽注入的错误。,已接入；目标差异见当前列,军工食药,1,1,同一结果只选一个主入口；原版统计、进度和专用钩子不得重复入账。只在本条一个服务端完成分支记录一次；对应通用计分入口按规则排除。不分配跨钩子完成序号，不维护额外去重表。,code/src/main/resources/data/contribution/contribution/game_event_industry_map.json；对应Mixin/PlayerDistanceAdapter,现有 doBrew 前后比较三槽组件，已经按变化产物数量计；删除整批一次及取出槽注入的错误。,以对应现有适配器成功分支为准；详见实现约束与证据列,contribution:military_food_medicine,专用完成结果,独立完成结果,同一结果只选一个主入口；原版统计、进度和专用钩子不得重复入账,只在本条一个服务端完成分支记录一次；对应通用计分入口按规则排除。不分配跨钩子完成序号，不维护额外去重表。,只用当次可靠主体；缺失则记服务器。接受反复合法操作再次计数，不判断长期净收益。
contribution:process/furnace/fuel,熔炉实际消耗燃料,能源化工,炉子燃料槽的一份燃料物品实际被扣除,原版开始燃烧并扣除燃料的成功分支,煤炭、木炭、煤炭块、烈焰棒、岩浆桶、干海带块、木质燃料、地毯等原版可燃物,successful_action,AbstractFurnaceBlockEntity 燃料消耗分支；具体调用描述符待实现核验,每扣除一份燃料计一次；不换算热量，不追踪后续燃烧时长，不维护地毯基准或余数,1,1,否（服务器事件）,未测量。单次完成回调内局部判断，不新增轮询、时间窗口或历史缓存；高频事件仍需实测。,未校准：低：机器化烧炼即自动累积；材料成本不能证明不可循环，需看实际行为分布,目标只在本行完成分支采集，具体接入状态见当前列。可用同一次调用内的短时前后快照，不新增跨事件关联或长期缓存。,燃料投入与产品产出是不同阶段，各自只选一个入口。,待实现（设计候选）,未接入,,,燃料投入与产品产出是不同阶段；本次扣燃料只计一次，不再另记燃烧tick积分。只在本条一个服务端完成分支记录一次；对应通用计分入口按规则排除。不分配跨钩子完成序号，不维护额外去重表。,项目：StatisticsService / GameEventRules / RuleSnapshot；26.3游戏机制与候选钩子需逐项实现验证,采用一次燃料扣除事件，取消燃烧时长、热量折算与额外累计器,无现有独立采集；目标示例不代表覆盖承诺,contribution:energy_chemical,燃料投入,独立投入阶段,燃料投入与产品产出是不同阶段；本次扣燃料只计一次，不再另记燃烧tick积分,只在本条一个服务端完成分支记录一次；对应通用计分入口按规则排除。不分配跨钩子完成序号，不维护额外去重表。,不同燃料暂按一份一次；不体现热值差异，也不证明燃料已被完全有效利用。
contribution:device/piston_move,活塞成功推出,科技魔法,原版活塞伸出分支实际执行成功,moveBlocks成功且当次为伸出分支,活塞、粘性活塞,successful_action,"PistonBaseBlock#moveBlocks(Level,BlockPos,Direction,boolean):boolean；必须核对伸出参数",记录真实动作或转移原始量；产物、放置、剪毛、骨粉等主结果不再重复积分；保留原始量，附加建设度为0,1,0,否（只保留活动明细）,未测量。单次完成回调内局部判断，不新增轮询、时间窗口或历史缓存；高频事件仍需实测。,高：空活塞及往返机器可无限循环；建议只作为机械活动指标,目标只在本行完成分支采集，具体接入状态见当前列。可用同一次调用内的短时前后快照，不新增跨事件关联或长期缓存。,moveBlocks 有伸出/收回参数；返回 true 不能独立表示成功推出。,观测候选；附加建设度为0,未接入,,,记录真实动作或转移原始量；产物、放置、剪毛、骨粉等主结果不再重复积分。只记录一次原版伸出成功，不关联收回，也不记录活塞周期。,项目：StatisticsService / GameEventRules / RuleSnapshot；26.3游戏机制与候选钩子需逐项实现验证,moveBlocks 有伸出/收回参数；返回 true 不能独立表示成功推出。,无现有独立采集；目标示例不代表覆盖承诺,contribution:technology_magic,设备/物流完成动作,活动观测（不计建设度）,记录真实动作或转移原始量；产物、放置、剪毛、骨粉等主结果不再重复积分,只记录一次原版伸出成功，不关联收回，也不记录活塞周期。,不核实搬运净收益，接受循环伸出为重复活动观测。
contribution:auto/hopper_transfer,漏斗流出物品,流通服务,漏斗或漏斗矿车流出物品,原版一次转移成功分支，使用当次转移量；没有可靠数量时记成功动作一次,漏斗、漏斗矿车、容器,output_item,HopperBlockEntity#ejectItems；漏斗矿车需独立核验，不能套方块漏斗钩子,优先记当次转移数量；数量不可直接取得时只记一次成功动作。既有单位阈值仅供汇总结算，不作为触发条件,64,0,否（只保留活动明细）,未测量。单次完成回调内局部判断，不新增轮询、时间窗口或历史缓存；高频事件仍需实测。,高：同一物品可在容器环路无限搬运，降权不能解决环路,目标只在本行完成分支采集，具体接入状态见当前列。可用同一次调用内的短时前后快照，不新增跨事件关联或长期缓存。,建议作为物流吞吐独立指标；未有环路策略前不接入奖励或繁荣度。,观测候选；附加建设度为0,未接入,,,记录真实动作或转移原始量；产物、放置、剪毛、骨粉等主结果不再重复积分。选择最内层一次成功转移入口，外层容器更新/吸入/放下回调不再采集。不追踪物品后续去向或运输环路。,项目：StatisticsService / GameEventRules / RuleSnapshot；26.3游戏机制与候选钩子需逐项实现验证,外层与内层同时计会重复；布尔成功不代表搬运数量；吸入不属于流出。,无现有独立采集；目标示例不代表覆盖承诺,contribution:circulation_services,设备/物流完成动作,活动观测（不计建设度）,记录真实动作或转移原始量；产物、放置、剪毛、骨粉等主结果不再重复积分,选择最内层一次成功转移入口，外层容器更新/吸入/放下回调不再采集。不追踪物品后续去向或运输环路。,可退化为动作次数，不扫描多容器求数量，也不识别物品是否绕圈。
contribution:auto/dispenser_fire,发射器自动发射,科技魔法,发射器被红石激活并发射物品,原版选定行为执行结束，明确成功时记录；不为每种行为追踪后续效果,发射器,successful_action,"DispenserBlock#dispenseFrom(ServerLevel,BlockState,BlockPos):void；投掷器还需其自身路径",记录真实动作或转移原始量；产物、放置、剪毛、骨粉等主结果不再重复积分；保留原始量，附加建设度为0,1,0,否（只保留活动明细）,未测量。单次完成回调内局部判断，不新增轮询、时间窗口或历史缓存；高频事件仍需实测。,高：可回收投掷和可逆动作循环；不建议无条件给予建设度,目标只在本行完成分支采集，具体接入状态见当前列。可用同一次调用内的短时前后快照，不新增跨事件关联或长期缓存。,dispenseFrom 返回 void；需根据行为的实际成功结果计数。,观测候选；附加建设度为0,未接入,,,记录真实动作或转移原始量；产物、放置、剪毛、骨粉等主结果不再重复积分。只在设备行为执行入口统计一次原始动作，所引发的放置/剪毛/骨粉等由主结果规则承担，不在外层红石激活再计。,项目：StatisticsService / GameEventRules / RuleSnapshot；26.3游戏机制与候选钩子需逐项实现验证,dispenseFrom 返回 void；需根据行为的实际成功结果计数。,无现有独立采集；目标示例不代表覆盖承诺,contribution:technology_magic,设备/物流完成动作,活动观测（不计建设度）,记录真实动作或转移原始量；产物、放置、剪毛、骨粉等主结果不再重复积分,只在设备行为执行入口统计一次原始动作，所引发的放置/剪毛/骨粉等由主结果规则承担，不在外层红石激活再计。,只支持能在当次分支明确判定成功的行为；无可靠成功信号的分支暂不采集。
contribution:auto/dropper_fire,投掷器成功输出物品,科技魔法,投掷器成功向相邻容器转移物品，或生成物品实体,原版选定行为执行结束，明确成功时记录；不为每种行为追踪后续效果,投掷器,successful_action,"DispenserBlock#dispenseFrom(ServerLevel,BlockState,BlockPos):void；投掷器还需其自身路径",记录真实动作或转移原始量；产物、放置、剪毛、骨粉等主结果不再重复积分；保留原始量，附加建设度为0,1,0,否（只保留活动明细）,未测量。单次完成回调内局部判断，不新增轮询、时间窗口或历史缓存；高频事件仍需实测。,高：可回收投掷和可逆动作循环；不建议无条件给予建设度,目标只在本行完成分支采集，具体接入状态见当前列。可用同一次调用内的短时前后快照，不新增跨事件关联或长期缓存。,dispenseFrom 返回 void；需根据行为的实际成功结果计数。,观测候选；附加建设度为0,未接入,,,记录真实动作或转移原始量；产物、放置、剪毛、骨粉等主结果不再重复积分。只在设备行为执行入口统计一次原始动作，所引发的放置/剪毛/骨粉等由主结果规则承担，不在外层红石激活再计。,项目：StatisticsService / GameEventRules / RuleSnapshot；26.3游戏机制与候选钩子需逐项实现验证,dispenseFrom 返回 void；需根据行为的实际成功结果计数。,无现有独立采集；目标示例不代表覆盖承诺,contribution:technology_magic,设备/物流完成动作,活动观测（不计建设度）,记录真实动作或转移原始量；产物、放置、剪毛、骨粉等主结果不再重复积分,只在设备行为执行入口统计一次原始动作，所引发的放置/剪毛/骨粉等由主结果规则承担，不在外层红石激活再计。,只支持能在当次分支明确判定成功的行为；无可靠成功信号的分支暂不采集。
contribution:auto/tnt_explode,TNT 爆炸,军工食药,TNT 实体爆炸,爆炸发生时计 1 次,TNT实体,successful_action,26.3 TNT 服务端爆炸完成路径；旧 Explosion#finalizeExplosion 不作为已验证注入点,每次爆炸 1 次,1,1,否；若追踪点火玩家需另设可靠因果链,未测量。单次完成回调内局部判断，不新增轮询、时间窗口或历史缓存；高频事件仍需实测。,高：复制TNT和破坏地形；建议仅记录爆破活动，不接经济奖励,目标只在本行完成分支采集，具体接入状态见当前列。可用同一次调用内的短时前后快照，不新增跨事件关联或长期缓存。,爆炸存在不等于建设，TNT复制不是稀缺投入。,活动指标候选；需先解决循环收益,未接入,,,同一结果只选一个主入口；原版统计、进度和专用钩子不得重复入账。只在本条一个服务端完成分支记录一次；对应通用计分入口按规则排除。不分配跨钩子完成序号，不维护额外去重表。,项目：StatisticsService / GameEventRules / RuleSnapshot；26.3游戏机制与候选钩子需逐项实现验证,爆炸存在不等于建设，TNT复制不是稀缺投入。,无现有独立采集；目标示例不代表覆盖承诺,contribution:military_food_medicine,专用完成结果,独立完成结果,同一结果只选一个主入口；原版统计、进度和专用钩子不得重复入账,只在本条一个服务端完成分支记录一次；对应通用计分入口按规则排除。不分配跨钩子完成序号，不维护额外去重表。,只用当次可靠主体；缺失则记服务器。接受反复合法操作再次计数，不判断长期净收益。
contribution:auto/villager_farm,村民自动收割作物,农林牧渔,农民村民成功破坏成熟作物,成熟目标作物实际破坏成功后；不要求同次补种,农民村民、耕地、作物,successful_action,HarvestFarmland 农作行为中成熟检查后的成功破坏路径；具体方法待核验,每次成功破坏一个成熟作物记一次原始动作；每64次的权重折算属于普通汇总结算，采集不等待64次,64,1,否（服务器事件）,未测量。单次完成回调内局部判断，不新增轮询、时间窗口或历史缓存；高频事件仍需实测。,未校准：中高：大村庄可稳定产出（频率问题）；材料成本不能证明不可循环，需看实际行为分布,目标只在本行完成分支采集，具体接入状态见当前列。可用同一次调用内的短时前后快照，不新增跨事件关联或长期缓存。,一次成熟方块被破坏不是产物数量，且补种不能再次算收获。,待实现（设计候选）,未接入,,,村民收割不是玩家mine；不得同时用通用世界破坏和村民专用钩子统计同次收割。只挂村民收割成功分支，不监听全世界破坏后反查村民；无需收割序号或作物历史。,项目：StatisticsService / GameEventRules / RuleSnapshot；26.3游戏机制与候选钩子需逐项实现验证,一次成熟方块被破坏不是产物数量，且补种不能再次算收获。,无现有独立采集；目标示例不代表覆盖承诺,contribution:agriculture_forestry_livestock_fishery,村民收割完成,独立完成结果,村民收割不是玩家mine；不得同时用通用世界破坏和村民专用钩子统计同次收割,只挂村民收割成功分支，不监听全世界破坏后反查村民；无需收割序号或作物历史。,不统计实际掉落数量，不追踪后续补种。
contribution:auto/iron_golem_farm,村庄成功生成铁傀儡（活动指标）,采矿冶金,村庄生成铁傀儡,村庄召唤成功新增实体时；区块读取、重启恢复不计,铁傀儡,entity,村民召唤铁傀儡成功路径；不得以 ENTITY_LOAD 替代生成,每只 1 次；保留原始量，附加建设度为0,1,0,否（只保留活动明细）,未测量。单次完成回调内局部判断，不新增轮询、时间窗口或历史缓存；高频事件仍需实测。,未校准：中高：铁傀儡农场可稳定刷；材料成本不能证明不可循环，需看实际行为分布,目标只在本行完成分支采集，具体接入状态见当前列。可用同一次调用内的短时前后快照，不新增跨事件关联或长期缓存。,铁资源产出应在掉落生成点另行核算；不能仅凭铁傀儡生成给矿冶产物分。,观测候选；附加建设度为0,未接入,,,每只 1 次。只使用村民召唤实体成功的分支；不使用ENTITY_LOAD，不保存UUID历史表。,项目：StatisticsService / GameEventRules / RuleSnapshot；26.3游戏机制与候选钩子需逐项实现验证,ENTITY_LOAD 同时包含磁盘加载，不能证明首次生成；生成也不等于铁产出。,无现有独立采集；目标示例不代表覆盖承诺,contribution:mining_metallurgy,世界/环境活动,活动观测（不计建设度）,每只 1 次,只使用村民召唤实体成功的分支；不使用ENTITY_LOAD，不保存UUID历史表。,只统计召唤动作，不判定农场归属或最终铁产量。
contribution:auto/copper_golem_sort,铜傀儡分拣物品,流通服务,铜傀儡向容器中放入物品,原版一次转移成功分支，使用当次转移量；没有可靠数量时记成功动作一次,铜傀儡、箱子、物品,output_item,"TransportItemsBetweenContainers#putDownItem(PathfinderMob,Container):void（本地JAR确认）",优先记当次转移数量；数量不可直接取得时只记一次成功动作。既有单位阈值仅供汇总结算，不作为触发条件,16,0,否（只保留活动明细）,未测量。单次完成回调内局部判断，不新增轮询、时间窗口或历史缓存；高频事件仍需实测。,高：循环搬运；建议物流吞吐独立记录,目标只在本行完成分支采集，具体接入状态见当前列。可用同一次调用内的短时前后快照，不新增跨事件关联或长期缓存。,铜傀儡在26.3存在；并非本版本新增生物。,观测候选；附加建设度为0,未接入,,,记录真实动作或转移原始量；产物、放置、剪毛、骨粉等主结果不再重复积分。选择最内层一次成功转移入口，外层容器更新/吸入/放下回调不再采集。不追踪物品后续去向或运输环路。,项目：StatisticsService / GameEventRules / RuleSnapshot；26.3游戏机制与候选钩子需逐项实现验证,该行为存在，不能以实体加载事件捕获分拣；不宣称26.3新增。,无现有独立采集；目标示例不代表覆盖承诺,contribution:circulation_services,设备/物流完成动作,活动观测（不计建设度）,记录真实动作或转移原始量；产物、放置、剪毛、骨粉等主结果不再重复积分,选择最内层一次成功转移入口，外层容器更新/吸入/放下回调不再采集。不追踪物品后续去向或运输环路。,可退化为动作次数，不扫描多容器求数量，也不识别物品是否绕圈。
contribution:process/campfire_cook,营火烹饪食物,军工食药,营火或灵魂营火把上方的生食烤熟（自动进行，无需玩家在场）,cookTick 成功完成配方，实际弹出熟食产物时,营火、灵魂营火、生食（生猪排/生牛肉/生鸡肉/生鳕鱼/生鲑鱼/生羊肉/马铃薯/海带等）,output_item,CampfireBlockEntity#cookTick（本地JAR确认）；需窄钩子计完成结果,按实际烤熟的物品数量计,1,1,否（服务器事件）,未测量。单次完成回调内局部判断，不新增轮询、时间窗口或历史缓存；高频事件仍需实测。,可自动补充原料；不依赖持续燃料,目标只在本行完成分支采集，具体接入状态见当前列。可用同一次调用内的短时前后快照，不新增跨事件关联或长期缓存。,营火与灵魂营火按当前配方识别，不凭列举食材判断。,待实现（设计候选）,未接入,,,同一结果只选一个主入口；原版统计、进度和专用钩子不得重复入账。只在本条一个服务端完成分支记录一次；对应通用计分入口按规则排除。不分配跨钩子完成序号，不维护额外去重表。,项目：StatisticsService / GameEventRules / RuleSnapshot；26.3游戏机制与候选钩子需逐项实现验证,营火熟食完成后弹出掉落实体，没有持久熟食输出槽，也不持续消耗燃料。,无现有独立采集；目标示例不代表覆盖承诺,contribution:military_food_medicine,专用完成结果,独立完成结果,同一结果只选一个主入口；原版统计、进度和专用钩子不得重复入账,只在本条一个服务端完成分支记录一次；对应通用计分入口按规则排除。不分配跨钩子完成序号，不维护额外去重表。,只用当次可靠主体；缺失则记服务器。接受反复合法操作再次计数，不判断长期净收益。
contribution:auto/composter_fill,堆肥桶自动产出骨粉,农林牧渔,堆肥桶堆肥层数达满并转化为骨粉（可由漏斗投料，无需玩家在场）,READY=8 的一份骨粉真正被自动提取，且桶恢复空状态后,堆肥桶、可堆肥物、骨粉,output_item,ComposterBlock 输出容器提取路径；手动为 extractProduce；handleFill 不用于计产出,每份骨粉1点；与手动提取互斥；投料及7到8熟化不另计,1,1,否（服务器事件）,未测量。单次完成回调内局部判断，不新增轮询、时间窗口或历史缓存；高频事件仍需实测。,未校准：低：需持续投料；漏斗可自动化；材料成本不能证明不可循环，需看实际行为分布,目标只在本行完成分支采集，具体接入状态见当前列。可用同一次调用内的短时前后快照，不新增跨事件关联或长期缓存。,当前 interact 标签会计成功投料，尚不等价于仅计骨粉产出。,待实现（设计候选）,未接入,,,同份骨粉只计实际提取；自动与手动分支互斥，成熟7到8与投料不计骨粉产出。仅记录自动提取骨粉的成功分支；以当次是否有玩家区分，排除投料、成熟与对应通用interact，不保存堆肥轮次。,项目：StatisticsService / GameEventRules / RuleSnapshot；26.3游戏机制与候选钩子需逐项实现验证,handleFill 是反馈，不是产出；区分达到READY和实际提取；归属看提取者而非猜投料者。,无现有独立采集；目标示例不代表覆盖承诺,contribution:agriculture_forestry_livestock_fishery,骨粉提取（自动分支）,互斥主体分支,同份骨粉只计实际提取；自动与手动分支互斥，成熟7到8与投料不计骨粉产出,仅记录自动提取骨粉的成功分支；以当次是否有玩家区分，排除投料、成熟与对应通用interact，不保存堆肥轮次。,只统计本次骨粉取出，不追踪投入了哪些材料或谁投料。
contribution:auto/trial_spawner_reward,试炼刷怪笼发放奖励,军工食药,玩家完成试炼（击杀试炼刷怪笼生成的生物）后，刷怪笼弹出奖励,ejectReward 实际弹出非空战利品批次后,试炼刷怪笼、试炼钥匙、不祥试炼钥匙、奖励物品,successful_action,"TrialSpawner#ejectReward(ServerLevel,BlockPos,ResourceKey):void（本地JAR确认）",按成功奖励批次；一场试炼可多批；不得与同批物品数叠加,1,10,否（服务器事件）,未测量。单次完成回调内局部判断，不新增轮询、时间窗口或历史缓存；高频事件仍需实测。,未校准：低：受试炼结构与冷却限制，难以量产；材料成本不能证明不可循环，需看实际行为分布,目标只在本行完成分支采集，具体接入状态见当前列。可用同一次调用内的短时前后快照，不新增跨事件关联或长期缓存。,按当次成功奖励批次计；默认服务器。只有回调直接给出明确玩家才归个人，不新建参与者登记。,待实现（设计候选）,未接入,,,同一结果只选一个主入口；原版统计、进度和专用钩子不得重复入账。只在本条一个服务端完成分支记录一次；对应通用计分入口按规则排除。不分配跨钩子完成序号，不维护额外去重表。,项目：StatisticsService / GameEventRules / RuleSnapshot；26.3游戏机制与候选钩子需逐项实现验证,一次试炼可能多次向不同参与者发奖励；不能全局只算一次。,无现有独立采集；目标示例不代表覆盖承诺,contribution:military_food_medicine,专用完成结果,独立完成结果,同一结果只选一个主入口；原版统计、进度和专用钩子不得重复入账,只在本条一个服务端完成分支记录一次；对应通用计分入口按规则排除。不分配跨钩子完成序号，不维护额外去重表。,只用当次可靠主体；缺失则记服务器。接受反复合法操作再次计数，不判断长期净收益。
contribution:modify/strip_log,给原木或木头去皮,加工制造,玩家持斧右键原木或木头，使其变为去皮变种,斧去皮成功并实际写入去皮方块后,全部原木与木头变种（橡木、云杉、白桦、丛林、金合欢、深色橡木、红树、樱花、苍白橡木、竹块、绯红菌柄、诡异菌柄等）,successful_action,斧去皮成功分支；不能仅依赖现有 interact 标签,成功去皮 1 次计 1 次；斧的耐久损耗不另计,1,1,是,未测量。单次完成回调内局部判断，不新增轮询、时间窗口或历史缓存；高频事件仍需实测。,未校准：低：需斧与木材；材料成本不能证明不可循环，需看实际行为分布,目标只在本行完成分支采集，具体接入状态见当前列。可用同一次调用内的短时前后快照，不新增跨事件关联或长期缓存。,专用去皮计分与同次耐久、方块交互必须互斥；当前作者删除耐久的意图尚未落实到代码。,待实现（设计候选）,未接入,,,本次去皮结果计一次；斧耐久use不额外积分，通用interact不叠加。本条成功完成分支为主入口。冲突工具/武器从通用use建设度规则排除，不关联其耐久回调；失败操作不另补记。,项目：StatisticsService / GameEventRules / RuleSnapshot；26.3游戏机制与候选钩子需逐项实现验证,作者要求不计斧损耗，但当前 usedItem 会计部分工具的耐久；必须标为待改造。,无现有独立采集；目标示例不代表覆盖承诺,contribution:processing_manufacturing,去皮结果完成,独立完成结果,本次去皮结果计一次；斧耐久use不额外积分，通用interact不叠加,本条成功完成分支为主入口。冲突工具/武器从通用use建设度规则排除，不关联其耐久回调；失败操作不另补记。,只记录当次结果，不追踪工具消耗过程、连带产物或长期归属。
contribution:modify/smithing,锻造台成功改造物品,军工食药（武器/防具）；加工制造（其余）,玩家在锻造台成功取出改造后的物品（下界合金升级、盔甲纹饰等）,成功取出结果物品时计 1 次（一次升级一件即为 1）,下界合金升级产物、盔甲纹饰、锻造模板应用结果,modified_item,服务端完成点；原版统计/进度仅作语义参考，未自动桥接,成功转移的改造结果数量；一结果只能命中一个行业,1,1,是,未测量。单次完成回调内局部判断，不新增轮询、时间窗口或历史缓存；高频事件仍需实测。,未校准：低：需模板与材料；材料成本不能证明不可循环，需看实际行为分布,目标只在本行完成分支采集，具体接入状态见当前列。可用同一次调用内的短时前后快照，不新增跨事件关联或长期缓存。,拟议按产物互斥分流；现有稳定事件ID及历史行业不应直接无迁移改义。,已接入；目标差异见当前列,加工制造,1,1,同一结果只选一个主入口；原版统计、进度和专用钩子不得重复入账。只在本条一个服务端完成分支记录一次；对应通用计分入口按规则排除。不分配跨钩子完成序号，不维护额外去重表。,code/src/main/resources/data/contribution/contribution/game_event_industry_map.json；对应Mixin/PlayerDistanceAdapter,当前事件固定加工制造，不按武器防具分流；保留提案但不能写成已实现。,以对应现有适配器成功分支为准；详见实现约束与证据列,contribution:processing_manufacturing；contribution:military_food_medicine,专用完成结果,独立完成结果,同一结果只选一个主入口；原版统计、进度和专用钩子不得重复入账,只在本条一个服务端完成分支记录一次；对应通用计分入口按规则排除。不分配跨钩子完成序号，不维护额外去重表。,只用当次可靠主体；缺失则记服务器。接受反复合法操作再次计数，不判断长期净收益。
contribution:modify/anvil_enchant,铁砧附魔,科技魔法,玩家在铁砧上用附魔书为物品附加或合并附魔，并成功取出,取出结果且附魔发生有效改变后,附魔书、可附魔物品,modified_item,服务端完成点；原版统计/进度仅作语义参考，未自动桥接,与修复、重命名互斥：建议修复优先，附魔次之，仅命名最后,1,1,是,未测量。单次完成回调内局部判断，不新增轮询、时间窗口或历史缓存；高频事件仍需实测。,未校准：低：需附魔书；材料成本不能证明不可循环，需看实际行为分布,目标只在本行完成分支采集，具体接入状态见当前列。可用同一次调用内的短时前后快照，不新增跨事件关联或长期缓存。,一结果可能同时修复/附魔/改名；按优先级只记一个主事件。,待实现（设计候选）,未接入,,,仅无耐久改善但附魔有效改变；同次命名不另计；通用craft/统计不得叠加。只在同一个铁砧成功取出回调分类：耐久改善优先、有效附魔其次、纯命名最后。只比较当次输入/结果，不维护菜单会话或序号。,项目：StatisticsService / GameEventRules / RuleSnapshot；26.3游戏机制与候选钩子需逐项实现验证,当前 AnvilMenuMixin 只在耐久降低时计修复，不覆盖独立附魔。,无现有独立采集；目标示例不代表覆盖承诺,contribution:technology_magic,铁砧成功结果,互斥结果分支,仅无耐久改善但附魔有效改变；同次命名不另计；通用craft/统计不得叠加,只在同一个铁砧成功取出回调分类：耐久改善优先、有效附魔其次、纯命名最后。只比较当次输入/结果，不维护菜单会话或序号。,同一件结果多种改造只归一个主类型，不分别计贡献。
contribution:modify/anvil_repair,铁砧修复（含合并）,加工制造,结果实际转移且耐久损伤低于输入；没有耐久改善的合并不属于当前修复事件,成功取出结果物品时计 1 次,受损工具与盔甲、修复用材料（铁锭等）、同种物品,modified_item,服务端完成点；原版统计/进度仅作语义参考，未自动桥接,成功修复结果数量；若同时附魔/命名仍只记一个主事件,1,1,是,未测量。单次完成回调内局部判断，不新增轮询、时间窗口或历史缓存；高频事件仍需实测。,未校准：低：需材料；材料成本不能证明不可循环，需看实际行为分布,目标只在本行完成分支采集，具体接入状态见当前列。可用同一次调用内的短时前后快照，不新增跨事件关联或长期缓存。,当前只检查结果耐久降低；不是所有合并均计；补互斥。,已接入；目标差异见当前列,加工制造,1,1,耐久改善优先；同次附魔/命名不另计；通用craft/统计不得叠加。只在同一个铁砧成功取出回调分类：耐久改善优先、有效附魔其次、纯命名最后。只比较当次输入/结果，不维护菜单会话或序号。,code/src/main/resources/data/contribution/contribution/game_event_industry_map.json；对应Mixin/PlayerDistanceAdapter,当前只检查结果耐久降低；不是所有合并均计；补互斥。,以对应现有适配器成功分支为准；详见实现约束与证据列,contribution:processing_manufacturing,铁砧成功结果,互斥结果分支,耐久改善优先；同次附魔/命名不另计；通用craft/统计不得叠加,只在同一个铁砧成功取出回调分类：耐久改善优先、有效附魔其次、纯命名最后。只比较当次输入/结果，不维护菜单会话或序号。,同一件结果多种改造只归一个主类型，不分别计贡献。
contribution:modify/anvil_rename,铁砧重命名,文教民生,玩家在铁砧上重命名物品并成功取出,成功取出结果物品时计 1 次,任意可命名物品、命名牌,modified_item,服务端完成点；原版统计/进度仅作语义参考，未自动桥接,纯重命名完成1次；与其他铁砧主事件互斥,1,1,是,未测量。单次完成回调内局部判断，不新增轮询、时间窗口或历史缓存；高频事件仍需实测。,可反复改名；经验成本不保证不可刷,目标只在本行完成分支采集，具体接入状态见当前列。可用同一次调用内的短时前后快照，不新增跨事件关联或长期缓存。,无耐久改善且无附魔变化的纯重命名才进入此提案。,待实现（设计候选）,未接入,,,仅无耐久改善且无附魔改变的纯重命名；通用craft/统计不得叠加。只在同一个铁砧成功取出回调分类：耐久改善优先、有效附魔其次、纯命名最后。只比较当次输入/结果，不维护菜单会话或序号。,项目：StatisticsService / GameEventRules / RuleSnapshot；26.3游戏机制与候选钩子需逐项实现验证,无耐久改善且无附魔变化的纯重命名才进入此提案。,无现有独立采集；目标示例不代表覆盖承诺,contribution:culture_education_livelihood,铁砧成功结果,互斥结果分支,仅无耐久改善且无附魔改变的纯重命名；通用craft/统计不得叠加,只在同一个铁砧成功取出回调分类：耐久改善优先、有效附魔其次、纯命名最后。只比较当次输入/结果，不维护菜单会话或序号。,同一件结果多种改造只归一个主类型，不分别计贡献。
contribution:modify/enchanting,附魔台附魔,科技魔法,附魔台成功扣除资源并应用附魔,EnchantmentMenu 成功附魔并 awardStat 后,附魔台、青金石、书、可附魔装备与工具,modified_item,本项目 EnchantmentMenuMixin；非结果槽 onTake,成功附魔的物品数量；不因取出重复计,1,1,是,未测量。单次完成回调内局部判断，不新增轮询、时间窗口或历史缓存；高频事件仍需实测。,未校准：低：需经验等级与青金石；材料成本不能证明不可循环，需看实际行为分布,目标只在本行完成分支采集，具体接入状态见当前列。可用同一次调用内的短时前后快照，不新增跨事件关联或长期缓存。,合并 contribution:tech/enchant_item 的重复说明；原版统计、进度、自写钩子三者择一计分。,已接入；目标差异见当前列,科技魔法,1,1,同一结果只选一个主入口；原版统计、进度和专用钩子不得重复入账。只在本条一个服务端完成分支记录一次；对应通用计分入口按规则排除。不分配跨钩子完成序号，不维护额外去重表。,code/src/main/resources/data/contribution/contribution/game_event_industry_map.json；对应Mixin/PlayerDistanceAdapter,当前成功附魔即计，不等待取出；重复附魔行合并到此。,以对应现有适配器成功分支为准；详见实现约束与证据列,contribution:technology_magic,专用完成结果,独立完成结果,同一结果只选一个主入口；原版统计、进度和专用钩子不得重复入账,只在本条一个服务端完成分支记录一次；对应通用计分入口按规则排除。不分配跨钩子完成序号，不维护额外去重表。,只用当次可靠主体；缺失则记服务器。接受反复合法操作再次计数，不判断长期净收益。
contribution:modify/bone_meal,骨粉催熟作物,农林牧渔,骨粉使用成功且当次实际扣除一份骨粉,同一次骨粉使用调用结束，原版成功结果与扣除成立,骨粉、小麦、胡萝卜、马铃薯、甜菜根、树苗、草方块、竹子等可催熟对象,successful_action,服务端完成点；原版统计/进度仅作语义参考，未自动桥接,每次成功消耗骨粉一次；不扫描受影响植物或追踪稍后生长,1,1,是,未测量。单次完成回调内局部判断，不新增轮询、时间窗口或历史缓存；高频事件仍需实测。,未校准：中：需骨粉，但骨粉可大量堆肥获得；材料成本不能证明不可循环，需看实际行为分布,目标只在本行完成分支采集，具体接入状态见当前列。可用同一次调用内的短时前后快照，不新增跨事件关联或长期缓存。,不与同次植物生长、use 耐久/消耗重复；发射器使用独立作为无主生产候选，不猜个人。,待实现（设计候选）,未接入,,,同次骨粉use/interact不再加分；引发成熟/长树归无主生长观测，不额外建设度。骨粉成功使用分支为唯一积分入口；骨粉通用use/interact规则排除，生长仅观测。,项目：StatisticsService / GameEventRules / RuleSnapshot；26.3游戏机制与候选钩子需逐项实现验证,保留手动限定；消耗骨粉并不总表示产生了生长成果。,无现有独立采集；目标示例不代表覆盖承诺,contribution:agriculture_forestry_livestock_fishery,骨粉有效生长完成,独立完成结果,同次骨粉use/interact不再加分；引发成熟/长树归无主生长观测，不额外建设度,骨粉成功使用分支为唯一积分入口；骨粉通用use/interact规则排除，生长仅观测。,允许成功消耗但没有可见生长的情况，省去受影响区域与后续生长验证。
contribution:modify/compost,堆肥桶产出骨粉,农林牧渔,玩家从 READY=8 的堆肥桶成功取出骨粉,骨粉实际生成且堆肥桶恢复空状态后,可堆肥物品、骨粉,output_item,"ComposterBlock#extractProduce(Entity,BlockState,Level,BlockPos)（本地JAR确认）",每份实际提取骨粉1点；不把每次投料算产出,1,1,是,未测量。单次完成回调内局部判断，不新增轮询、时间窗口或历史缓存；高频事件仍需实测。,未校准：低：必须玩家右键投料；材料成本不能证明不可循环，需看实际行为分布,目标只在本行完成分支采集，具体接入状态见当前列。可用同一次调用内的短时前后快照，不新增跨事件关联或长期缓存。,拟议改造；现有通用 interact 会计投料；与自动提取分流互斥。,部分支持；通用interact语义不同,农林牧渔,1,1,本次人工取骨粉替换堆肥桶interact；不再叠加自动提取、成熟或投料计分。仅记录玩家提取骨粉的成功分支；以当次是否有玩家区分，排除投料、成熟与对应通用interact，不保存堆肥轮次。,项目：StatisticsService / GameEventRules / RuleSnapshot；26.3游戏机制与候选钩子需逐项实现验证,投料与取骨粉是不同动作；个人归属实际提取者。,无现有独立采集；目标示例不代表覆盖承诺,contribution:agriculture_forestry_livestock_fishery,骨粉提取（手动分支）,替换通用对应交互,本次人工取骨粉替换堆肥桶interact；不再叠加自动提取、成熟或投料计分,仅记录玩家提取骨粉的成功分支；以当次是否有玩家区分，排除投料、成熟与对应通用interact，不保存堆肥轮次。,只统计本次骨粉取出，不追踪投入了哪些材料或谁投料。
contribution:device/iron_golem,建造铁傀儡或雪傀儡,文教民生,玩家按正确结构摆放方块，触发铁傀儡或雪傀儡生成,实体成功生成时计 1 次,铁块、南瓜或雕刻南瓜、雪块、避雷针,successful_action,雕刻南瓜成功结构生成路径；需完成归属核验,成功生成 1 只计 1 次,1,1,当次召唤分支直接提供可靠玩家则个人，否则服务器,未测量。单次完成回调内局部判断，不新增轮询、时间窗口或历史缓存；高频事件仍需实测。,未校准：低：需铁块等材料；材料成本不能证明不可循环，需看实际行为分布,目标只在本行完成分支采集，具体接入状态见当前列。可用同一次调用内的短时前后快照，不新增跨事件关联或长期缓存。,铁傀儡、雪傀儡均列为建造活动；同次最后一块放置和召唤选择一个主计分点。,待实现（设计候选）,未接入,,,同一结果只选一个主入口；原版统计、进度和专用钩子不得重复入账。只在结构召唤实体成功分支计一次，不另外监听头颅放置或ENTITY_LOAD；当次有玩家参数才归个人。,项目：StatisticsService / GameEventRules / RuleSnapshot；26.3游戏机制与候选钩子需逐项实现验证,原表设计说明将未实现写成已实现；建造需证明操作者。,无现有独立采集；目标示例不代表覆盖承诺,contribution:culture_education_livelihood,专用完成结果,独立完成结果,同一结果只选一个主入口；原版统计、进度和专用钩子不得重复入账,只在结构召唤实体成功分支计一次，不另外监听头颅放置或ENTITY_LOAD；当次有玩家参数才归个人。,不追踪谁搭建了前置方块，也不做多人贡献分摊。
contribution:entity/breed,繁殖实体,农林牧渔,原版繁殖完成并成功生成幼体,一次原版繁殖生成幼体的成功分支,牛、羊、猪、鸡、兔、狼、猫、马、羊驼、熊猫、狐狸、蜜蜂、海龟、青蛙、嗅探兽等,successful_action,服务端完成点；原版统计/进度仅作语义参考，未自动桥接,成功产出幼年实体 1 次,1,1,当次原版已有可靠玩家主体则个人；否则仅服务器,未测量。单次完成回调内局部判断，不新增轮询、时间窗口或历史缓存；高频事件仍需实测。,未校准：低：需喂养冷却；材料成本不能证明不可循环，需看实际行为分布,目标只在本行完成分支采集，具体接入状态见当前列。可用同一次调用内的短时前后快照，不新增跨事件关联或长期缓存。,核实实际完成结果；不以右键尝试、UI打开或加载作为成功事件。,已接入；目标差异见当前列,农林牧渔,1,1,同一结果只选一个主入口；原版统计、进度和专用钩子不得重复入账。只使用繁殖完成分支；直接读取原版已有loveCause等主体，不追踪两次喂食与交配过程。,code/src/main/resources/data/contribution/contribution/game_event_industry_map.json；对应Mixin/PlayerDistanceAdapter,核对现有运行时与候选事件分界；删除无依据的低开销/低风险保证。,Animal#spawnChildFromBreeding生成后；特殊繁殖路径不自动保证覆盖,contribution:agriculture_forestry_livestock_fishery,专用完成结果,独立完成结果,同一结果只选一个主入口；原版统计、进度和专用钩子不得重复入账,只使用繁殖完成分支；直接读取原版已有loveCause等主体，不追踪两次喂食与交配过程。,不额外补齐原版缺失的玩家归属；不同物种只接支持的完成分支。
contribution:entity/tame,驯服实体,农林牧渔,玩家使可驯服生物的状态由未驯服变为已驯服,状态实际改变时计 1 次；已驯服个体不重复计,当前：实际调用 TamableAnimal#tame 的动物；马科及其他独立驯服路径待补,successful_action,TamableAnimal#tame（已实现）；AbstractHorse#tameWithName（未注入）,成功驯服 1 次,1,1,是,未测量。单次完成回调内局部判断，不新增轮询、时间窗口或历史缓存；高频事件仍需实测。,未校准：低：需反复喂食；材料成本不能证明不可循环，需看实际行为分布,目标只在本行完成分支采集，具体接入状态见当前列。可用同一次调用内的短时前后快照，不新增跨事件关联或长期缓存。,未驯服到已驯服一次；不能以实体已有主人状态在加载时补分。,部分支持；仅TamableAnimal,农林牧渔,1,1,同一结果只选一个主入口；原版统计、进度和专用钩子不得重复入账。只在本条一个服务端完成分支记录一次；对应通用计分入口按规则排除。不分配跨钩子完成序号，不维护额外去重表。,code/src/main/resources/data/contribution/contribution/game_event_industry_map.json；对应Mixin/PlayerDistanceAdapter,目前只注入 TamableAnimal#tame，不覆盖 AbstractHorse；按完整驯服范围需扩展。,以对应现有适配器成功分支为准；详见实现约束与证据列,contribution:agriculture_forestry_livestock_fishery,专用完成结果,独立完成结果,同一结果只选一个主入口；原版统计、进度和专用钩子不得重复入账,只在本条一个服务端完成分支记录一次；对应通用计分入口按规则排除。不分配跨钩子完成序号，不维护额外去重表。,只用当次可靠主体；缺失则记服务器。接受反复合法操作再次计数，不判断长期净收益。
contribution:entity/shear,剪取动物产物,农林牧渔,玩家对动物使用剪刀，成功掉落产物（羊毛、蘑菇、雕刻南瓜、虞美人等）,产物实际掉落时按产物数量计,羊→羊毛、哞菇→蘑菇、沼骸→蘑菇、雪傀儡→雕刻南瓜、铜傀儡→虞美人,output_item,服务端完成点；原版统计/进度仅作语义参考，未自动桥接,剪取战利品实际生成个数；无产物不计,1,1,有 ShearingContext 玩家则个人+服务器；否则仅服务器,未测量。单次完成回调内局部判断，不新增轮询、时间窗口或历史缓存；高频事件仍需实测。,未校准：低：羊需长毛；材料成本不能证明不可循环，需看实际行为分布,目标只在本行完成分支采集，具体接入状态见当前列。可用同一次调用内的短时前后快照，不新增跨事件关联或长期缓存。,雪傀儡雕刻南瓜等是否走此战利品路径须逐类确认；装备卸除不是同一路径。,已接入；目标差异见当前列,农林牧渔,1,1,同次专用成功结果与工具/装备use耐久互斥；计主结果，耐久仅附属观测。本条成功完成分支为主入口。冲突工具/武器从通用use建设度规则排除，不关联其耐久回调；失败操作不另补记。,code/src/main/resources/data/contribution/contribution/game_event_industry_map.json；对应Mixin/PlayerDistanceAdapter,当前按 shearing loot 的实际产物个数，包含无玩家上下文的产出；不是统一动作一次。,以对应现有适配器成功分支为准；详见实现约束与证据列,contribution:agriculture_forestry_livestock_fishery,专用成功结果,独立完成结果,同次专用成功结果与工具/装备use耐久互斥；计主结果，耐久仅附属观测,本条成功完成分支为主入口。冲突工具/武器从通用use建设度规则排除，不关联其耐久回调；失败操作不另补记。,只记录当次结果，不追踪工具消耗过程、连带产物或长期归属。
contribution:entity/shear_equipment,剪刀卸下动物装备,军工食药,玩家对装备了护甲、鞍、地毯或挽具的生物使用剪刀，卸下其装备,装备实际掉落时计 1 次,狼→狼铠、马→马铠、鹦鹉螺→鹦鹉螺铠、马与骡与驴与骆驼与骆驼尸壳与骷髅马与僵尸马与猪与炽足兽与鹦鹉螺→鞍、羊驼与行商羊驼→地毯、快乐恶魂→挽具,successful_action,各装备移除成功分支；逐类确认26.3签名与产物，不指定未验证 Mob#shearItem,成功卸下 1 件计 1 次,1,1,是,未测量。单次完成回调内局部判断，不新增轮询、时间窗口或历史缓存；高频事件仍需实测。,高：卸下后重装可无限循环,目标只在本行完成分支采集，具体接入状态见当前列。可用同一次调用内的短时前后快照，不新增跨事件关联或长期缓存。,保留作者军工食药归属；仅作候选，卸装备不等于新装备生产。,待实现（设计候选）,未接入,,,同次专用成功结果与工具/装备use耐久互斥；计主结果，耐久仅附属观测。本条成功完成分支为主入口。冲突工具/武器从通用use建设度规则排除，不关联其耐久回调；失败操作不另补记。,项目：StatisticsService / GameEventRules / RuleSnapshot；26.3游戏机制与候选钩子需逐项实现验证,不同实体装备卸除路径不同，不凭虚构统一方法覆盖。,无现有独立采集；目标示例不代表覆盖承诺,contribution:military_food_medicine,专用成功结果,独立完成结果,同次专用成功结果与工具/装备use耐久互斥；计主结果，耐久仅附属观测,本条成功完成分支为主入口。冲突工具/武器从通用use建设度规则排除，不关联其耐久回调；失败操作不另补记。,只记录当次结果，不追踪工具消耗过程、连带产物或长期归属。
contribution:entity/milk,挤奶,农林牧渔,玩家手持空桶对牛或山羊右键，获得奶桶,原版挤奶交互成功并生成奶桶结果时；不再等待物品进入背包,牛、山羊、空桶、奶桶,successful_action,服务端完成点；原版统计/进度仅作语义参考，未自动桥接,成功挤奶 1 次,1,1,是,未测量。单次完成回调内局部判断，不新增轮询、时间窗口或历史缓存；高频事件仍需实测。,未校准：低：牛与山羊需成年且未处于冷却；材料成本不能证明不可循环，需看实际行为分布,目标只在本行完成分支采集，具体接入状态见当前列。可用同一次调用内的短时前后快照，不新增跨事件关联或长期缓存。,CowMilkingMixin / GoatMilkingMixin；生存/冒险有资格，创造不计行业；可无限挤奶需与其他活动解释分开。,已接入；目标差异见当前列,农林牧渔,1,1,同一结果只选一个主入口；原版统计、进度和专用钩子不得重复入账。只在本条一个服务端完成分支记录一次；对应通用计分入口按规则排除。不分配跨钩子完成序号，不维护额外去重表。,code/src/main/resources/data/contribution/contribution/game_event_industry_map.json；对应Mixin/PlayerDistanceAdapter,玩家行业资格已排除创造和旁观；无需再把创造是否计分写成未决。,以对应现有适配器成功分支为准；详见实现约束与证据列,contribution:agriculture_forestry_livestock_fishery,专用完成结果,独立完成结果,同一结果只选一个主入口；原版统计、进度和专用钩子不得重复入账,只在本条一个服务端完成分支记录一次；对应通用计分入口按规则排除。不分配跨钩子完成序号，不维护额外去重表。,只用当次可靠主体；缺失则记服务器。接受反复合法操作再次计数，不判断长期净收益。
contribution:entity/name_tag,命名牌命名实体,文教民生,玩家用命名牌为生物命名,命名成功并消耗命名牌时计 1 次,命名牌、任意生物,successful_action,服务端完成点；原版统计/进度仅作语义参考，未自动桥接,成功命名 1 次,1,1,是,未测量。单次完成回调内局部判断，不新增轮询、时间窗口或历史缓存；高频事件仍需实测。,未校准：低：命名牌需先用铁砧命名；材料成本不能证明不可循环，需看实际行为分布,目标只在本行完成分支采集，具体接入状态见当前列。可用同一次调用内的短时前后快照，不新增跨事件关联或长期缓存。,核实实际完成结果；不以右键尝试、UI打开或加载作为成功事件。,待实现（设计候选）,未接入,,,同一结果只选一个主入口；原版统计、进度和专用钩子不得重复入账。只在本条一个服务端完成分支记录一次；对应通用计分入口按规则排除。不分配跨钩子完成序号，不维护额外去重表。,项目：StatisticsService / GameEventRules / RuleSnapshot；26.3游戏机制与候选钩子需逐项实现验证,核对现有运行时与候选事件分界；删除无依据的低开销/低风险保证。,无现有独立采集；目标示例不代表覆盖承诺,contribution:culture_education_livelihood,专用完成结果,独立完成结果,同一结果只选一个主入口；原版统计、进度和专用钩子不得重复入账,只在本条一个服务端完成分支记录一次；对应通用计分入口按规则排除。不分配跨钩子完成序号，不维护额外去重表。,只用当次可靠主体；缺失则记服务器。接受反复合法操作再次计数，不判断长期净收益。
contribution:entity/shear_block,剪刀修剪植物或雕刻南瓜,农林牧渔,剪刀右键成功修剪植物生长状态或雕刻南瓜；排除蜂巢、蜂箱与左键挖掘,方块状态改变或产物实际掉落时计 1 次,南瓜、洞穴藤蔓、垂泪藤、缠怨藤、海带生长尖端,successful_action,服务端完成点；原版统计/进度仅作语义参考，未自动桥接,成功处理动作一次；同次状态变化与产物掉落不分别加分,1,1,是,未测量。单次完成回调内局部判断，不新增轮询、时间窗口或历史缓存；高频事件仍需实测。,未校准：低：植物需生长到位；材料成本不能证明不可循环，需看实际行为分布,目标只在本行完成分支采集，具体接入状态见当前列。可用同一次调用内的短时前后快照，不新增跨事件关联或长期缓存。,按当次目标和成功结果分支分类；排除冲突mine/interact/use入口，不做事后关联。,待实现（设计候选）,未接入,,,排除蜂蜜/蜜脾；方块挖掘归mine；同次剪刀use耐久与通用interact不再加分。本条成功完成分支为主入口。冲突工具/武器从通用use建设度规则排除，不关联其耐久回调；失败操作不另补记。,项目：StatisticsService / GameEventRules / RuleSnapshot；26.3游戏机制与候选钩子需逐项实现验证,方块剪刀动作不必生成产物；现有标签不覆盖所有剪取方块。,无现有独立采集；目标示例不代表覆盖承诺,contribution:agriculture_forestry_livestock_fishery,剪刀方块处理完成,独立完成结果,排除蜂蜜/蜜脾；方块挖掘归mine；同次剪刀use耐久与通用interact不再加分,本条成功完成分支为主入口。冲突工具/武器从通用use建设度规则排除，不关联其耐久回调；失败操作不另补记。,只记录当次结果，不追踪工具消耗过程、连带产物或长期归属。
contribution:entity/honey,蜂巢或蜂箱收获,农林牧渔,玩家用玻璃瓶取蜜，或用剪刀剪取蜜脾,玩家取蜜或剪蜜脾的原版交互成功分支,蜂巢、蜂箱、玻璃瓶、蜂蜜瓶、剪刀、蜜脾,successful_action,服务端完成点；原版统计/进度仅作语义参考，未自动桥接,一次成功收获计一次，不求掉落数或后续拾取,1,1,是,未测量。单次完成回调内局部判断，不新增轮询、时间窗口或历史缓存；高频事件仍需实测。,未校准：低：蜂巢需蜂蜜满层；材料成本不能证明不可循环，需看实际行为分布,目标只在本行完成分支采集，具体接入状态见当前列。可用同一次调用内的短时前后快照，不新增跨事件关联或长期缓存。,有烟仅影响安全采蜜；不把进度是否完成作为每次采蜜判据。,部分支持；通用interact语义不同,农林牧渔,1,1,若按产物数改造，替换蜂巢interact；蜜脾不进入剪刀方块事件，剪刀耐久不额外积分。蜂蜜/蜜脾成功交互为唯一入口；替换对应通用interact，排除剪刀use和剪刀方块事件的蜂巢分支。,项目：StatisticsService / GameEventRules / RuleSnapshot；26.3游戏机制与候选钩子需逐项实现验证,当前按蜂巢交互成功1次而非3蜜脾等产物数。,无现有独立采集；目标示例不代表覆盖承诺,contribution:agriculture_forestry_livestock_fishery,interact（蜂蜜/蜜脾分支）,替换通用对应交互,若按产物数改造，替换蜂巢interact；蜜脾不进入剪刀方块事件，剪刀耐久不额外积分,蜂蜜/蜜脾成功交互为唯一入口；替换对应通用interact，排除剪刀use和剪刀方块事件的蜂巢分支。,蜜瓶与一批蜜脾均算一次收获，不区分产物数量。
contribution:collect/fishing,钓鱼获得产物,农林牧渔,玩家钓鱼，鱼钩被收回且成功获得产物,产物实际生成时按产物数量计,钓鱼竿、各类鱼、宝藏、垃圾,output_item,服务端完成点；原版统计/进度仅作语义参考，未自动桥接,实际产物数量,1,1,是,未测量。单次完成回调内局部判断，不新增轮询、时间窗口或历史缓存；高频事件仍需实测。,未校准：低：需等待咬钩；材料成本不能证明不可循环，需看实际行为分布,目标只在本行完成分支采集，具体接入状态见当前列。可用同一次调用内的短时前后快照，不新增跨事件关联或长期缓存。,核实实际完成结果；不以右键尝试、UI打开或加载作为成功事件。,已接入；目标差异见当前列,农林牧渔,1,1,同次专用成功结果与工具/装备use耐久互斥；计主结果，耐久仅附属观测。本条成功完成分支为主入口。冲突工具/武器从通用use建设度规则排除，不关联其耐久回调；失败操作不另补记。,code/src/main/resources/data/contribution/contribution/game_event_industry_map.json；对应Mixin/PlayerDistanceAdapter,核对现有运行时与候选事件分界；删除无依据的低开销/低风险保证。,以对应现有适配器成功分支为准；详见实现约束与证据列,contribution:agriculture_forestry_livestock_fishery,专用成功结果,独立完成结果,同次专用成功结果与工具/装备use耐久互斥；计主结果，耐久仅附属观测,本条成功完成分支为主入口。冲突工具/武器从通用use建设度规则排除，不关联其耐久回调；失败操作不另补记。,只记录当次结果，不追踪工具消耗过程、连带产物或长期归属。
contribution:entity/kill,击杀任意生物,军工食药,提案：生存/冒险玩家杀死非玩家活体生物；排除物品、载具、装饰及环境死亡,生物实际死亡且击杀者为本玩家时，按实体数量计,全部生物，含怪物、动物、幼年个体、Boss（末影龙、凋灵）,entity,服务端完成点；原版统计/进度仅作语义参考，未自动桥接,实际死亡实体数量,1,1,是,未测量。单次完成回调内局部判断，不新增轮询、时间窗口或历史缓存；高频事件仍需实测。,未校准：中：刷怪塔与养殖场可大量击杀；材料成本不能证明不可循环，需看实际行为分布,目标只在本行完成分支采集，具体接入状态见当前列。可用同一次调用内的短时前后快照，不新增跨事件关联或长期缓存。,当前 contribution:entity/kill_hostile；不要把任意实体都当生物，也不凭捡到掉落物推断击杀。,部分支持；任意生物击杀未实现,军工食药（仅kill_hostile）,1,1,扩展目标时替换现有kill_hostile，不能两路加分；队长击杀子类不追加，武器耐久为附属观测。只使用一次实际死亡的玩家击杀完成回调；扩展目标时替换kill_hostile，不新增第二入口，不保存死者UUID历史表。,项目：StatisticsService / GameEventRules / RuleSnapshot；26.3游戏机制与候选钩子需逐项实现验证,放宽击杀是原表提案，现有仅 MONSTER；保留稳定当前ID并新增范围另议。,当前真实ID为contribution:entity/kill_hostile，只采集玩家击杀MONSTER类；本行entity/kill为扩展目标，尚未注册,contribution:military_food_medicine,实体死亡结果,独立完成结果,扩展目标时替换现有kill_hostile，不能两路加分；队长击杀子类不追加，武器耐久为附属观测,只使用一次实际死亡的玩家击杀完成回调；扩展目标时替换kill_hostile，不新增第二入口，不保存死者UUID历史表。,只记录当次结果，不追踪工具消耗过程、连带产物或长期归属。
contribution:combat/shield_block,盾牌格挡伤害,军工食药,玩家举盾格挡并实际减免了伤害,伤害被盾牌减免时计 1 次,盾牌、任意攻击来源,successful_action,盾牌真实减免伤害完成点；或经单位转换的原版统计增量,提案按成功格挡动作1次；若采用原版伤害统计，需先转换0.1伤害单位,1,1,是,未测量。单次完成回调内局部判断，不新增轮询、时间窗口或历史缓存；高频事件仍需实测。,未校准：低：盾牌有冷却与耐久；材料成本不能证明不可循环，需看实际行为分布,目标只在本行完成分支采集，具体接入状态见当前列。可用同一次调用内的短时前后快照，不新增跨事件关联或长期缓存。,同次耐久损耗与格挡主事件互斥；原版统计存在不等于已计建设度。,待实现（设计候选）,未接入,,,同次专用成功结果与工具/装备use耐久互斥；计主结果，耐久仅附属观测。本条成功完成分支为主入口。冲突工具/武器从通用use建设度规则排除，不关联其耐久回调；失败操作不另补记。,项目：StatisticsService / GameEventRules / RuleSnapshot；26.3游戏机制与候选钩子需逐项实现验证,damage_blocked_by_shield 是伤害量统计，不是格挡次数；当前没有通用统计白名单桥。,无现有独立采集；目标示例不代表覆盖承诺,contribution:military_food_medicine,专用成功结果,独立完成结果,同次专用成功结果与工具/装备use耐久互斥；计主结果，耐久仅附属观测,本条成功完成分支为主入口。冲突工具/武器从通用use建设度规则排除，不关联其耐久回调；失败操作不另补记。,只记录当次结果，不追踪工具消耗过程、连带产物或长期归属。
contribution:combat/raid,玩家成功触发袭击,流通服务,原版成功创建新袭击且当次有可靠触发玩家,原版新袭击创建成功分支,不祥之兆、村庄、掠夺者,successful_action,服务端完成点；原版统计/进度仅作语义参考，未自动桥接,每次原版成功创建新袭击记一次；不再保存袭击身份集合,1,1,是,未测量。单次完成回调内局部判断，不新增轮询、时间窗口或历史缓存；高频事件仍需实测。,未校准：低：需先击败袭击队长；材料成本不能证明不可循环，需看实际行为分布,目标只在本行完成分支采集，具体接入状态见当前列。可用同一次调用内的短时前后快照，不新增跨事件关联或长期缓存。,不祥之瓶/袭击之兆与队长掉落分离；voluntary_exile 不等同 raid_trigger。,待实现（设计候选）,未接入,,,触发与获胜是不同阶段；同一场创建不按进度、事件回调重复入账。只用新袭击创建成功分支，不按进度或状态效果重复计；不保存额外袭击ID集合。,项目：StatisticsService / GameEventRules / RuleSnapshot；26.3游戏机制与候选钩子需逐项实现验证,触发与胜利语义不同，拆为两条；队长击杀不等于raid_trigger。,无现有独立采集；目标示例不代表覆盖承诺,contribution:circulation_services,袭击创建,独立完成结果,触发与获胜是不同阶段；同一场创建不按进度、事件回调重复入账,只用新袭击创建成功分支，不按进度或状态效果重复计；不保存额外袭击ID集合。,只用当次可靠触发玩家，不追踪之后的参战过程。
contribution:service/villager_trade,完成村民交易,流通服务,玩家与村民或流浪商人交易，成功取出交易结果,输入已扣除且交易完成、结果被取出时计 1 次,全部村民职业、流浪商人,completed_trade,服务端完成点；原版统计/进度仅作语义参考，未自动桥接,完成的交易次数,1,1,是,未测量。单次完成回调内局部判断，不新增轮询、时间窗口或历史缓存；高频事件仍需实测。,未校准：低：受村民补货限制；材料成本不能证明不可循环，需看实际行为分布,目标只在本行完成分支采集，具体接入状态见当前列。可用同一次调用内的短时前后快照，不新增跨事件关联或长期缓存。,当前MerchantResultSlotMixin明确merchant instanceof Villager，流浪商人尚未覆盖；目标范围含两者。,部分支持；当前只接普通村民,流通服务,1,1,同一结果只选一个主入口；原版统计、进度和专用钩子不得重复入账。只在本条一个服务端完成分支记录一次；对应通用计分入口按规则排除。不分配跨钩子完成序号，不维护额外去重表。,code/src/main/resources/data/contribution/contribution/game_event_industry_map.json；对应Mixin/PlayerDistanceAdapter,核对现有运行时与候选事件分界；删除无依据的低开销/低风险保证。,普通村民；流浪商人未接入,contribution:circulation_services,专用完成结果,独立完成结果,同一结果只选一个主入口；原版统计、进度和专用钩子不得重复入账,只在本条一个服务端完成分支记录一次；对应通用计分入口按规则排除。不分配跨钩子完成序号，不维护额外去重表。,只用当次可靠主体；缺失则记服务器。接受反复合法操作再次计数，不判断长期净收益。
contribution:logistics/distance/elytra,鞘翅飞行移动,流通服务,原版对应交通统计产生正距离增量，且当次坐骑/飞行状态与该模式匹配,该次原版移动统计增量完成时，直接读取增量与当前模式,鞘翅、烟花火箭,distance_block,服务端完成点；原版统计/进度仅作语义参考，未自动桥接,记录每次原版距离增量；10格目标仅作既有汇总折算，不等待一段旅程，不新增轨迹或速度窗口。当前16格与既有余数机制另列。,10,1,是,未测量。单次完成回调内局部判断，不新增轮询、时间窗口或历史缓存；高频事件仍需实测。,未校准：中：需鞘翅与烟花；材料成本不能证明不可循环，需看实际行为分布,目标只在本行完成分支采集，具体接入状态见当前列。可用同一次调用内的短时前后快照，不新增跨事件关联或长期缓存。,一玩家同一位移只选择一种方式；当前已支持六种，单次增量超过16格丢弃；快乐恶魂/鹦鹉螺不是26.3新载具。,已接入；目标差异见当前列,流通服务,16,1,同一位移增量只分配给一种真实移动模式；不得叠加原版统计与位置差采样。只用原版对应移动统计增量，不同时做位置差采样；当次模式唯一，不新增移动轨迹、起终点或采样定时器。,code/src/main/resources/data/contribution/contribution/game_event_industry_map.json；对应Mixin/PlayerDistanceAdapter,原表10格为拟议目标，当前六种已支持移动是16格；新增两种尚无适配器。,以对应现有适配器成功分支为准；详见实现约束与证据列,contribution:circulation_services,distance/elytra,互斥移动模式,同一位移增量只分配给一种真实移动模式；不得叠加原版统计与位置差采样,只用原版对应移动统计增量，不同时做位置差采样；当次模式唯一，不新增移动轨迹、起终点或采样定时器。,不辨认目的地、载货量或运输价值；重复往返也是实际移动。既有统计累计不是触发条件。
contribution:logistics/distance/horse,骑马移动,流通服务,原版对应交通统计产生正距离增量，且当次坐骑/飞行状态与该模式匹配,该次原版移动统计增量完成时，直接读取增量与当前模式,马、驴、骡、骆驼、骷髅马、僵尸马,distance_block,服务端完成点；原版统计/进度仅作语义参考，未自动桥接,记录每次原版距离增量；10格目标仅作既有汇总折算，不等待一段旅程，不新增轨迹或速度窗口。当前16格与既有余数机制另列。,10,1,是,未测量。单次完成回调内局部判断，不新增轮询、时间窗口或历史缓存；高频事件仍需实测。,未校准：低：需驯服坐骑；材料成本不能证明不可循环，需看实际行为分布,目标只在本行完成分支采集，具体接入状态见当前列。可用同一次调用内的短时前后快照，不新增跨事件关联或长期缓存。,一玩家同一位移只选择一种方式；当前已支持六种，单次增量超过16格丢弃；快乐恶魂/鹦鹉螺不是26.3新载具。,已接入；目标差异见当前列,流通服务,16,1,同一位移增量只分配给一种真实移动模式；不得叠加原版统计与位置差采样。只用原版对应移动统计增量，不同时做位置差采样；当次模式唯一，不新增移动轨迹、起终点或采样定时器。,code/src/main/resources/data/contribution/contribution/game_event_industry_map.json；对应Mixin/PlayerDistanceAdapter,原表10格为拟议目标，当前六种已支持移动是16格；新增两种尚无适配器。,以对应现有适配器成功分支为准；详见实现约束与证据列,contribution:circulation_services,distance/horse,互斥移动模式,同一位移增量只分配给一种真实移动模式；不得叠加原版统计与位置差采样,只用原版对应移动统计增量，不同时做位置差采样；当次模式唯一，不新增移动轨迹、起终点或采样定时器。,不辨认目的地、载货量或运输价值；重复往返也是实际移动。既有统计累计不是触发条件。
contribution:logistics/distance/boat,乘船或木筏移动,流通服务,原版对应交通统计产生正距离增量，且当次坐骑/飞行状态与该模式匹配,该次原版移动统计增量完成时，直接读取增量与当前模式,各类船、木筏、运输船,distance_block,服务端完成点；原版统计/进度仅作语义参考，未自动桥接,记录每次原版距离增量；10格目标仅作既有汇总折算，不等待一段旅程，不新增轨迹或速度窗口。当前16格与既有余数机制另列。,10,1,是,未测量。单次完成回调内局部判断，不新增轮询、时间窗口或历史缓存；高频事件仍需实测。,未校准：低；材料成本不能证明不可循环，需看实际行为分布,目标只在本行完成分支采集，具体接入状态见当前列。可用同一次调用内的短时前后快照，不新增跨事件关联或长期缓存。,一玩家同一位移只选择一种方式；当前已支持六种，单次增量超过16格丢弃；快乐恶魂/鹦鹉螺不是26.3新载具。,已接入；目标差异见当前列,流通服务,16,1,同一位移增量只分配给一种真实移动模式；不得叠加原版统计与位置差采样。只用原版对应移动统计增量，不同时做位置差采样；当次模式唯一，不新增移动轨迹、起终点或采样定时器。,code/src/main/resources/data/contribution/contribution/game_event_industry_map.json；对应Mixin/PlayerDistanceAdapter,原表10格为拟议目标，当前六种已支持移动是16格；新增两种尚无适配器。,以对应现有适配器成功分支为准；详见实现约束与证据列,contribution:circulation_services,distance/boat,互斥移动模式,同一位移增量只分配给一种真实移动模式；不得叠加原版统计与位置差采样,只用原版对应移动统计增量，不同时做位置差采样；当次模式唯一，不新增移动轨迹、起终点或采样定时器。,不辨认目的地、载货量或运输价值；重复往返也是实际移动。既有统计累计不是触发条件。
contribution:logistics/distance/minecart,乘矿车移动,流通服务,原版对应交通统计产生正距离增量，且当次坐骑/飞行状态与该模式匹配,该次原版移动统计增量完成时，直接读取增量与当前模式,各类矿车、动力铁轨、激活铁轨,distance_block,服务端完成点；原版统计/进度仅作语义参考，未自动桥接,记录每次原版距离增量；10格目标仅作既有汇总折算，不等待一段旅程，不新增轨迹或速度窗口。当前16格与既有余数机制另列。,10,1,是,未测量。单次完成回调内局部判断，不新增轮询、时间窗口或历史缓存；高频事件仍需实测。,未校准：低；材料成本不能证明不可循环，需看实际行为分布,目标只在本行完成分支采集，具体接入状态见当前列。可用同一次调用内的短时前后快照，不新增跨事件关联或长期缓存。,一玩家同一位移只选择一种方式；当前已支持六种，单次增量超过16格丢弃；快乐恶魂/鹦鹉螺不是26.3新载具。,已接入；目标差异见当前列,流通服务,16,1,同一位移增量只分配给一种真实移动模式；不得叠加原版统计与位置差采样。只用原版对应移动统计增量，不同时做位置差采样；当次模式唯一，不新增移动轨迹、起终点或采样定时器。,code/src/main/resources/data/contribution/contribution/game_event_industry_map.json；对应Mixin/PlayerDistanceAdapter,原表10格为拟议目标，当前六种已支持移动是16格；新增两种尚无适配器。,以对应现有适配器成功分支为准；详见实现约束与证据列,contribution:circulation_services,distance/minecart,互斥移动模式,同一位移增量只分配给一种真实移动模式；不得叠加原版统计与位置差采样,只用原版对应移动统计增量，不同时做位置差采样；当次模式唯一，不新增移动轨迹、起终点或采样定时器。,不辨认目的地、载货量或运输价值；重复往返也是实际移动。既有统计累计不是触发条件。
contribution:logistics/distance/pig,骑猪移动,流通服务,原版对应交通统计产生正距离增量，且当次坐骑/飞行状态与该模式匹配,该次原版移动统计增量完成时，直接读取增量与当前模式,猪、鞍、胡萝卜钓竿,distance_block,服务端完成点；原版统计/进度仅作语义参考，未自动桥接,记录每次原版距离增量；10格目标仅作既有汇总折算，不等待一段旅程，不新增轨迹或速度窗口。当前16格与既有余数机制另列。,10,1,是,未测量。单次完成回调内局部判断，不新增轮询、时间窗口或历史缓存；高频事件仍需实测。,未校准：低；材料成本不能证明不可循环，需看实际行为分布,目标只在本行完成分支采集，具体接入状态见当前列。可用同一次调用内的短时前后快照，不新增跨事件关联或长期缓存。,一玩家同一位移只选择一种方式；当前已支持六种，单次增量超过16格丢弃；快乐恶魂/鹦鹉螺不是26.3新载具。,已接入；目标差异见当前列,流通服务,16,1,同一位移增量只分配给一种真实移动模式；不得叠加原版统计与位置差采样。只用原版对应移动统计增量，不同时做位置差采样；当次模式唯一，不新增移动轨迹、起终点或采样定时器。,code/src/main/resources/data/contribution/contribution/game_event_industry_map.json；对应Mixin/PlayerDistanceAdapter,原表10格为拟议目标，当前六种已支持移动是16格；新增两种尚无适配器。,以对应现有适配器成功分支为准；详见实现约束与证据列,contribution:circulation_services,distance/pig,互斥移动模式,同一位移增量只分配给一种真实移动模式；不得叠加原版统计与位置差采样,只用原版对应移动统计增量，不同时做位置差采样；当次模式唯一，不新增移动轨迹、起终点或采样定时器。,不辨认目的地、载货量或运输价值；重复往返也是实际移动。既有统计累计不是触发条件。
contribution:logistics/distance/strider,骑炽足兽移动,流通服务,原版对应交通统计产生正距离增量，且当次坐骑/飞行状态与该模式匹配,该次原版移动统计增量完成时，直接读取增量与当前模式,炽足兽、鞍、诡异菌钓竿,distance_block,服务端完成点；原版统计/进度仅作语义参考，未自动桥接,记录每次原版距离增量；10格目标仅作既有汇总折算，不等待一段旅程，不新增轨迹或速度窗口。当前16格与既有余数机制另列。,10,1,是,未测量。单次完成回调内局部判断，不新增轮询、时间窗口或历史缓存；高频事件仍需实测。,未校准：低；材料成本不能证明不可循环，需看实际行为分布,目标只在本行完成分支采集，具体接入状态见当前列。可用同一次调用内的短时前后快照，不新增跨事件关联或长期缓存。,一玩家同一位移只选择一种方式；当前已支持六种，单次增量超过16格丢弃；快乐恶魂/鹦鹉螺不是26.3新载具。,已接入；目标差异见当前列,流通服务,16,1,同一位移增量只分配给一种真实移动模式；不得叠加原版统计与位置差采样。只用原版对应移动统计增量，不同时做位置差采样；当次模式唯一，不新增移动轨迹、起终点或采样定时器。,code/src/main/resources/data/contribution/contribution/game_event_industry_map.json；对应Mixin/PlayerDistanceAdapter,原表10格为拟议目标，当前六种已支持移动是16格；新增两种尚无适配器。,以对应现有适配器成功分支为准；详见实现约束与证据列,contribution:circulation_services,distance/strider,互斥移动模式,同一位移增量只分配给一种真实移动模式；不得叠加原版统计与位置差采样,只用原版对应移动统计增量，不同时做位置差采样；当次模式唯一，不新增移动轨迹、起终点或采样定时器。,不辨认目的地、载货量或运输价值；重复往返也是实际移动。既有统计累计不是触发条件。
contribution:logistics/distance/happy_ghast,骑快乐恶魂移动,流通服务,原版对应交通统计产生正距离增量，且当次坐骑/飞行状态与该模式匹配,该次原版移动统计增量完成时，直接读取增量与当前模式,快乐恶魂、挽具,distance_block,服务端完成点；原版统计/进度仅作语义参考，未自动桥接,记录每次原版距离增量；10格目标仅作既有汇总折算，不等待一段旅程，不新增轨迹或速度窗口。当前16格与既有余数机制另列。,10,1,是,未测量。单次完成回调内局部判断，不新增轮询、时间窗口或历史缓存；高频事件仍需实测。,未校准：低；材料成本不能证明不可循环，需看实际行为分布,目标只在本行完成分支采集，具体接入状态见当前列。可用同一次调用内的短时前后快照，不新增跨事件关联或长期缓存。,一玩家同一位移只选择一种方式；当前已支持六种，单次增量超过16格丢弃；快乐恶魂/鹦鹉螺不是26.3新载具。,待实现（设计候选）,未接入,,,同一位移增量只分配给一种真实移动模式；不得叠加原版统计与位置差采样。只用原版对应移动统计增量，不同时做位置差采样；当次模式唯一，不新增移动轨迹、起终点或采样定时器。,项目：StatisticsService / GameEventRules / RuleSnapshot；26.3游戏机制与候选钩子需逐项实现验证,原表10格为拟议目标，当前六种已支持移动是16格；新增两种尚无适配器。,无现有独立采集；目标示例不代表覆盖承诺,contribution:circulation_services,distance/happy_ghast,互斥移动模式,同一位移增量只分配给一种真实移动模式；不得叠加原版统计与位置差采样,只用原版对应移动统计增量，不同时做位置差采样；当次模式唯一，不新增移动轨迹、起终点或采样定时器。,不辨认目的地、载货量或运输价值；重复往返也是实际移动。既有统计累计不是触发条件。
contribution:logistics/distance/nautilus,骑鹦鹉螺移动,流通服务,原版对应交通统计产生正距离增量，且当次坐骑/飞行状态与该模式匹配,该次原版移动统计增量完成时，直接读取增量与当前模式,鹦鹉螺、鞍,distance_block,服务端完成点；原版统计/进度仅作语义参考，未自动桥接,记录每次原版距离增量；10格目标仅作既有汇总折算，不等待一段旅程，不新增轨迹或速度窗口。当前16格与既有余数机制另列。,10,1,是,未测量。单次完成回调内局部判断，不新增轮询、时间窗口或历史缓存；高频事件仍需实测。,未校准：低；材料成本不能证明不可循环，需看实际行为分布,目标只在本行完成分支采集，具体接入状态见当前列。可用同一次调用内的短时前后快照，不新增跨事件关联或长期缓存。,一玩家同一位移只选择一种方式；当前已支持六种，单次增量超过16格丢弃；快乐恶魂/鹦鹉螺不是26.3新载具。,待实现（设计候选）,未接入,,,同一位移增量只分配给一种真实移动模式；不得叠加原版统计与位置差采样。只用原版对应移动统计增量，不同时做位置差采样；当次模式唯一，不新增移动轨迹、起终点或采样定时器。,项目：StatisticsService / GameEventRules / RuleSnapshot；26.3游戏机制与候选钩子需逐项实现验证,原表10格为拟议目标，当前六种已支持移动是16格；新增两种尚无适配器。,无现有独立采集；目标示例不代表覆盖承诺,contribution:circulation_services,distance/nautilus,互斥移动模式,同一位移增量只分配给一种真实移动模式；不得叠加原版统计与位置差采样,只用原版对应移动统计增量，不同时做位置差采样；当次模式唯一，不新增移动轨迹、起终点或采样定时器。,不辨认目的地、载货量或运输价值；重复往返也是实际移动。既有统计累计不是触发条件。
contribution:survival/hunger,回复饱食度或饱和度,军工食药,玩家实际获得食物带来的饱食度或饱和度正增量,原版恢复调用完成时，读取当次有效增量或用调用内前后值作差,全部食物与饮品,restored_food（拟新增）,服务端完成点；原版统计/进度仅作语义参考，未自动桥接,只记录该次实际有效恢复原始量，不等待累计10点，不保存专用余数或恢复过程,1,0,否（只保留活动明细）,未测量。单次完成回调内局部判断，不新增轮询、时间窗口或历史缓存；高频事件仍需实测。,未校准：低：自然恢复即可累积；材料成本不能证明不可循环，需看实际行为分布,目标只在本行完成分支采集，具体接入状态见当前列。可用同一次调用内的短时前后快照，不新增跨事件关联或长期缓存。,恢复量只作附属观测，附加建设度为0；同一调用内临时比较，不跨多次事件累计判定。,观测候选；附加建设度为0,未接入,,,食物消费的附属结果；饱食度与饱和度分别存原始量，不再附加建设度。选择一次原版食物/生命恢复入口，不同时监听多个上层结果；只记录同次增量，不关联食用、受伤或治疗过程。,项目：StatisticsService / GameEventRules / RuleSnapshot；26.3游戏机制与候选钩子需逐项实现验证,取消连续恢复量阈值与专用累计器，使用单次有效增量观测,无现有独立采集；目标示例不代表覆盖承诺,contribution:military_food_medicine,食物恢复量,活动观测（不计建设度）,食物消费的附属结果；饱食度与饱和度分别存原始量，不再附加建设度,选择一次原版食物/生命恢复入口，不同时监听多个上层结果；只记录同次增量，不关联食用、受伤或治疗过程。,只记录直接覆盖的恢复入口；不合并成一次完整治疗或用餐，不推断治疗者。
contribution:survival/health,回复血量,军工食药,玩家以任意方式回复生命值（自然恢复、药水、金苹果、饱食度回复等）,原版恢复调用完成时，读取当次有效增量或用调用内前后值作差,治疗药水、再生药水、金苹果、附魔金苹果、食物自然恢复,restored_health（拟新增）,服务端完成点；原版统计/进度仅作语义参考，未自动桥接,只记录该次实际有效恢复原始量，不等待累计10点，不保存专用余数或恢复过程,1,0,否（只保留活动明细）,未测量。单次完成回调内局部判断，不新增轮询、时间窗口或历史缓存；高频事件仍需实测。,高：伤害治疗循环，可反映恢复活动但不能直接代表净贡献,目标只在本行完成分支采集，具体接入状态见当前列。可用同一次调用内的短时前后快照，不新增跨事件关联或长期缓存。,恢复量只作附属观测，附加建设度为0；同一调用内临时比较，不跨多次事件累计判定。,观测候选；附加建设度为0,未接入,,,自然/药物回血是结果观测；不与消费、投药、图腾主结果重复建设度。选择一次原版食物/生命恢复入口，不同时监听多个上层结果；只记录同次增量，不关联食用、受伤或治疗过程。,项目：StatisticsService / GameEventRules / RuleSnapshot；26.3游戏机制与候选钩子需逐项实现验证,取消连续恢复量阈值与专用累计器，使用单次有效增量观测,无现有独立采集；目标示例不代表覆盖承诺,contribution:military_food_medicine,有效生命恢复量,活动观测（不计建设度）,自然/药物回血是结果观测；不与消费、投药、图腾主结果重复建设度,选择一次原版食物/生命恢复入口，不同时监听多个上层结果；只记录同次增量，不关联食用、受伤或治疗过程。,只记录直接覆盖的恢复入口；不合并成一次完整治疗或用餐，不推断治疗者。
contribution:entity/cure,治愈僵尸村民,军工食药,原版僵尸村民转化成功生成村民,转化动画结束、村民实际生成时计 1 次,僵尸村民、金苹果、喷溅虚弱药水,successful_action,服务端完成点；原版统计/进度仅作语义参考，未自动桥接,成功治愈 1 次,1,1,原版转化完成时可直接取得可靠玩家则个人，否则服务器,未测量。单次完成回调内局部判断，不新增轮询、时间窗口或历史缓存；高频事件仍需实测。,未校准：低：需金苹果与虚弱药水；材料成本不能证明不可循环，需看实际行为分布,目标只在本行完成分支采集，具体接入状态见当前列。可用同一次调用内的短时前后快照，不新增跨事件关联或长期缓存。,核实实际完成结果；不以右键尝试、UI打开或加载作为成功事件。,已接入；目标差异见当前列,军工食药,1,1,同一结果只选一个主入口；原版统计、进度和专用钩子不得重复入账。只在转化完成分支采集，使用原版已记录的转化发起UUID；不由模组跟踪投药、喂金苹果或等待时长。,code/src/main/resources/data/contribution/contribution/game_event_industry_map.json；对应Mixin/PlayerDistanceAdapter,核对现有运行时与候选事件分界；删除无依据的低开销/低风险保证。,ZombieVillagerCureMixin完成转化；按治疗玩家上下文归属,contribution:military_food_medicine,专用完成结果,独立完成结果,同一结果只选一个主入口；原版统计、进度和专用钩子不得重复入账,只在转化完成分支采集，使用原版已记录的转化发起UUID；不由模组跟踪投药、喂金苹果或等待时长。,不补推离线或缺失主体，不将开始治疗当成治疗完成。
contribution:culture/pot_flower,与花盆交互使其变成盆栽,文教民生,玩家把植物放入花盆，使其变为盆栽,盆栽方块实际生成时计 1 次,花盆、各类树苗、花、蘑菇、蕨、仙人掌、枯萎的灌木等,successful_action,服务端完成点；原版统计/进度仅作语义参考，未自动桥接,成功放入 1 次,1,1,是,未测量。单次完成回调内局部判断，不新增轮询、时间窗口或历史缓存；高频事件仍需实测。,未校准：低：需花盆与植物；材料成本不能证明不可循环，需看实际行为分布,目标只在本行完成分支采集，具体接入状态见当前列。可用同一次调用内的短时前后快照，不新增跨事件关联或长期缓存。,pot_flower 是原版统计候选；当前未桥接；同次植物放置和盆栽化二选一。,待实现（设计候选）,未接入,,,同一结果只选一个主入口；原版统计、进度和专用钩子不得重复入账。只在本条一个服务端完成分支记录一次；对应通用计分入口按规则排除。不分配跨钩子完成序号，不维护额外去重表。,项目：StatisticsService / GameEventRules / RuleSnapshot；26.3游戏机制与候选钩子需逐项实现验证,BlockItem 路径被通用交互排除；不能宣称原版统计自动接入。,无现有独立采集；目标示例不代表覆盖承诺,contribution:culture_education_livelihood,专用完成结果,独立完成结果,同一结果只选一个主入口；原版统计、进度和专用钩子不得重复入账,只在本条一个服务端完成分支记录一次；对应通用计分入口按规则排除。不分配跨钩子完成序号，不维护额外去重表。,只用当次可靠主体；缺失则记服务器。接受反复合法操作再次计数，不判断长期净收益。
contribution:culture/bell,敲钟,文教民生,玩家右键敲响钟,钟被敲响时计 1 次,钟,successful_action,服务端完成点；原版统计/进度仅作语义参考，未自动桥接,每次 1,1,1,是,未测量。单次完成回调内局部判断，不新增轮询、时间窗口或历史缓存；高频事件仍需实测。,未校准：低；材料成本不能证明不可循环，需看实际行为分布,目标只在本行完成分支采集，具体接入状态见当前列。可用同一次调用内的短时前后快照，不新增跨事件关联或长期缓存。,当次敲钟成功计一次，接受反复敲响；不新增冷却或时间窗口。,待实现（设计候选）,未接入,,,同一结果只选一个主入口；原版统计、进度和专用钩子不得重复入账。只在本条一个服务端完成分支记录一次；对应通用计分入口按规则排除。不分配跨钩子完成序号，不维护额外去重表。,项目：StatisticsService / GameEventRules / RuleSnapshot；26.3游戏机制与候选钩子需逐项实现验证,bell_ring 统计存在不等于已接入；钟不在当前交互标签。,无现有独立采集；目标示例不代表覆盖承诺,contribution:culture_education_livelihood,专用完成结果,独立完成结果,同一结果只选一个主入口；原版统计、进度和专用钩子不得重复入账,只在本条一个服务端完成分支记录一次；对应通用计分入口按规则排除。不分配跨钩子完成序号，不维护额外去重表。,只用当次可靠主体；缺失则记服务器。接受反复合法操作再次计数，不判断长期净收益。
contribution:culture/cauldron,炼药锅装水或使用,能源化工,玩家成功填入或取走炼药锅液体,水位变化或使用成功时计 1 次,炼药锅、水桶、药水、染色物品,successful_action,服务端完成点；原版统计/进度仅作语义参考，未自动桥接,真实液体状态变化1次；清洗单列，不计同次两路,1,1,是,未测量。单次完成回调内局部判断，不新增轮询、时间窗口或历史缓存；高频事件仍需实测。,未校准：低；材料成本不能证明不可循环，需看实际行为分布,目标只在本行完成分支采集，具体接入状态见当前列。可用同一次调用内的短时前后快照，不新增跨事件关联或长期缓存。,当前 cauldron 标签是能源化工通用交互，尚未细分；灭火不必有玩家主体。,部分支持；通用interact语义不同,能源化工,1,1,只计填入/取出液体；清洗归clean，排除同次锅水位通用interact。同一次炼药锅成功交互按操作类型直接分支：液体填取或清洗二选一；替换通用锅interact，不跨钩子关联。,项目：StatisticsService / GameEventRules / RuleSnapshot；26.3游戏机制与候选钩子需逐项实现验证,成功填取液体与清洗须分开，不把所有使用统归能源。,无现有独立采集；目标示例不代表覆盖承诺,contribution:energy_chemical,interact（液体填取分支）,替换通用对应交互,只计填入/取出液体；清洗归clean，排除同次锅水位通用interact,同一次炼药锅成功交互按操作类型直接分支：液体填取或清洗二选一；替换通用锅interact，不跨钩子关联。,只用当次可靠主体；缺失则记服务器。接受反复合法操作再次计数，不判断长期净收益。
contribution:culture/clean,清洗盔甲、旗帜或潜影盒,加工制造,玩家在装水的炼药锅中清洗已染色的盔甲、旗帜或潜影盒,清洗成功、褪色完成时计 1 次,炼药锅、水桶、染色盔甲、旗帜、潜影盒,successful_action,服务端完成点；原版统计/进度仅作语义参考，未自动桥接,每次 1,1,1,是,未测量。单次完成回调内局部判断，不新增轮询、时间窗口或历史缓存；高频事件仍需实测。,未校准：低；材料成本不能证明不可循环，需看实际行为分布,目标只在本行完成分支采集，具体接入状态见当前列。可用同一次调用内的短时前后快照，不新增跨事件关联或长期缓存。,物品褪色成功且水量消耗；新增专用清洗分流时排除同次能源交互；未实现。,待实现（设计候选）,未接入,,,清洗不进入液体填取分支；替换锅的通用interact而非追加另一行业。同一次炼药锅成功交互按操作类型直接分支：液体填取或清洗二选一；替换通用锅interact，不跨钩子关联。,项目：StatisticsService / GameEventRules / RuleSnapshot；26.3游戏机制与候选钩子需逐项实现验证,当前通用炼药锅交互能源归属与提案加工制造冲突，必须排他分流。,无现有独立采集；目标示例不代表覆盖承诺,contribution:processing_manufacturing,interact（清洗分支）,替换通用对应交互,清洗不进入液体填取分支；替换锅的通用interact而非追加另一行业,同一次炼药锅成功交互按操作类型直接分支：液体填取或清洗二选一；替换通用锅interact，不跨钩子关联。,只用当次可靠主体；缺失则记服务器。接受反复合法操作再次计数，不判断长期净收益。
contribution:farm/turtle_egg,海龟产卵或孵化,农林牧渔,原版海龟产卵成功写入蛋，或原版孵化成功生成幼体；按当次分支区分,各自原版完成分支当次记录；不关联此前产卵与后来孵化,海龟、海龟蛋,successful_action,海龟产卵AI写入蛋方块成功及TurtleEggBlock成功孵化路径,一次成功产卵动作或一次成功孵化分支各计一次；不维护蛋窝身份，不追踪整窝后续变化,1,1,否（无可靠玩家完成主体）,未测量。单次完成回调内局部判断，不新增轮询、时间窗口或历史缓存；高频事件仍需实测。,未校准：低：需海龟与沙滩；材料成本不能证明不可循环，需看实际行为分布,目标只在本行完成分支采集，具体接入状态见当前列。可用同一次调用内的短时前后快照，不新增跨事件关联或长期缓存。,海龟繁殖、产卵、孵化是三个生命周期阶段；生存参与统计优先喂养完成，生态扩展另记录。,待实现（设计候选）,未接入,,,产卵和孵化不同阶段；同次产卵不进入玩家place，同次幼体不进入普通breed。产卵和孵化是不同阶段，各用一个明确完成分支；普通breed和玩家place不采集同次结果。,项目：StatisticsService / GameEventRules / RuleSnapshot；26.3游戏机制与候选钩子需逐项实现验证,海龟蛋是普通方块，不是方块实体；实体加载不能捕获产卵。,无现有独立采集；目标示例不代表覆盖承诺,contribution:agriculture_forestry_livestock_fishery,海龟生命周期结果,独立阶段分类,产卵和孵化不同阶段；同次产卵不进入玩家place，同次幼体不进入普通breed,产卵和孵化是不同阶段，各用一个明确完成分支；普通breed和玩家place不采集同次结果。,不同蛋数或幼体数暂按动作计，不追踪整窝归属、破坏或迁移。
contribution:farm/fill_bucket_mob,用桶捕获生物,农林牧渔,玩家用桶捕获鱼、蝾螈或蝌蚪,桶成功装满时计 1 次,水桶、鳕鱼桶、鲑鱼桶、河豚桶、热带鱼桶、蝾螈桶、蝌蚪桶,successful_action,服务端完成点；原版统计/进度仅作语义参考，未自动桥接,每次成功 1 次,1,1,是,未测量。单次完成回调内局部判断，不新增轮询、时间窗口或历史缓存；高频事件仍需实测。,未校准：低：需先找到目标生物；材料成本不能证明不可循环，需看实际行为分布,目标只在本行完成分支采集，具体接入状态见当前列。可用同一次调用内的短时前后快照，不新增跨事件关联或长期缓存。,实际 Bucketable 捕获完成；如作贡献需跨重启保留实体首次捕获身份或不奖励；瞬时桶交互未被现有use完成钩子覆盖。,待实现（设计候选）,未接入,,,同一结果只选一个主入口；原版统计、进度和专用钩子不得重复入账。只在本条一个服务端完成分支记录一次；对应通用计分入口按规则排除。不分配跨钩子完成序号，不维护额外去重表。,项目：StatisticsService / GameEventRules / RuleSnapshot；26.3游戏机制与候选钩子需逐项实现验证,桶捕获与倒出可循环，单纯不计倒出不足以防刷。,无现有独立采集；目标示例不代表覆盖承诺,contribution:agriculture_forestry_livestock_fishery,专用完成结果,独立完成结果,同一结果只选一个主入口；原版统计、进度和专用钩子不得重复入账,只在本条一个服务端完成分支记录一次；对应通用计分入口按规则排除。不分配跨钩子完成序号，不维护额外去重表。,只用当次可靠主体；缺失则记服务器。接受反复合法操作再次计数，不判断长期净收益。
contribution:food/dragon_breath,采集龙息,能源化工,玩家用玻璃瓶采集末影龙的龙息,玻璃瓶装满时计 1 次,玻璃瓶、龙息、末影龙,successful_action,GlassBottleItem 采集龙息云的成功分支；具体签名待核验,每次 1 次,1,1,是,未测量。单次完成回调内局部判断，不新增轮询、时间窗口或历史缓存；高频事件仍需实测。,未校准：低：需末影龙在场；材料成本不能证明不可循环，需看实际行为分布,目标只在本行完成分支采集，具体接入状态见当前列。可用同一次调用内的短时前后快照，不新增跨事件关联或长期缓存。,玻璃瓶减少且龙息物品实际生成；同次 used 统计和专用事件择一。,待实现（设计候选）,未接入,,,同一结果只选一个主入口；原版统计、进度和专用钩子不得重复入账。只在本条一个服务端完成分支记录一次；对应通用计分入口按规则排除。不分配跨钩子完成序号，不维护额外去重表。,项目：StatisticsService / GameEventRules / RuleSnapshot；26.3游戏机制与候选钩子需逐项实现验证,玻璃瓶采集龙息是瞬时使用，不经过长时finishUsingItem，也不是方块交互触发。,无现有独立采集；目标示例不代表覆盖承诺,contribution:energy_chemical,专用完成结果,独立完成结果,同一结果只选一个主入口；原版统计、进度和专用钩子不得重复入账,只在本条一个服务端完成分支记录一次；对应通用计分入口按规则排除。不分配跨钩子完成序号，不维护额外去重表。,只用当次可靠主体；缺失则记服务器。接受反复合法操作再次计数，不判断长期净收益。
contribution:food/throw_potion,投掷喷溅或滞留药水,军工食药,玩家投出喷溅药水或滞留药水,投掷物生成时计 1 次,喷溅药水、滞留药水,successful_action,药水物品服务端成功生成投射物之后,每次投掷 1 次,1,1,是,未测量。单次完成回调内局部判断，不新增轮询、时间窗口或历史缓存；高频事件仍需实测。,未校准：中：可大量酿造后投掷；材料成本不能证明不可循环，需看实际行为分布,目标只在本行完成分支采集，具体接入状态见当前列。可用同一次调用内的短时前后快照，不新增跨事件关联或长期缓存。,投出不等于有效治疗/伤害；可作药剂消耗活动，若按有效效果计则不用投掷次数叠加。,待实现（设计候选）,未接入,,,同次物品消费和专用结果只计本主来源；状态效果、回血及通用use不追加。只在本条一个服务端完成分支记录一次；对应通用计分入口按规则排除。不分配跨钩子完成序号，不维护额外去重表。,项目：StatisticsService / GameEventRules / RuleSnapshot；26.3游戏机制与候选钩子需逐项实现验证,原版物品使用统计可辅助但未桥接；不要引用不适用的捡取触发器。,无现有独立采集；目标示例不代表覆盖承诺,contribution:military_food_medicine,一次消耗成功结果,独立完成结果,同次物品消费和专用结果只计本主来源；状态效果、回血及通用use不追加,只在本条一个服务端完成分支记录一次；对应通用计分入口按规则排除。不分配跨钩子完成序号，不维护额外去重表。,只用当次可靠主体；缺失则记服务器。接受反复合法操作再次计数，不判断长期净收益。
contribution:combat/used_totem,消耗图腾,军工食药,玩家持有不死图腾时被致命伤害击中，图腾生效,图腾实际消耗时计 1 次,不死图腾,successful_action,服务端完成点；原版统计/进度仅作语义参考，未自动桥接,每次 1 次,1,1,是,未测量。单次完成回调内局部判断，不新增轮询、时间窗口或历史缓存；高频事件仍需实测。,高：可重复安排致命伤害与图腾供给,目标只在本行完成分支采集，具体接入状态见当前列。可用同一次调用内的短时前后快照，不新增跨事件关联或长期缓存。,实际触发免死并消耗图腾才计；仅拿在手上不计；恢复生命不得再叠加同次救命事件。,待实现（设计候选）,未接入,,,同次物品消费和专用结果只计本主来源；状态效果、回血及通用use不追加。只在本条一个服务端完成分支记录一次；对应通用计分入口按规则排除。不分配跨钩子完成序号，不维护额外去重表。,项目：StatisticsService / GameEventRules / RuleSnapshot；26.3游戏机制与候选钩子需逐项实现验证,图腾可由袭击等途径获得；不能声称不可刷。,无现有独立采集；目标示例不代表覆盖承诺,contribution:military_food_medicine,一次消耗成功结果,独立完成结果,同次物品消费和专用结果只计本主来源；状态效果、回血及通用use不追加,只在本条一个服务端完成分支记录一次；对应通用计分入口按规则排除。不分配跨钩子完成序号，不维护额外去重表。,只用当次可靠主体；缺失则记服务器。接受反复合法操作再次计数，不判断长期净收益。
contribution:combat/effects_changed,获得状态效果,科技魔法,玩家获得状态效果,效果变化时计 1 次,全部药水效果、信标效果、海豚的恩惠等,successful_action,服务端完成点；原版统计/进度仅作语义参考，未自动桥接,效果应用或刷新只作结果观测；不叠加投药、图腾、信标和袭击胜利积分；保留原始量，附加建设度为0,1,0,否（只保留活动明细）,未测量。单次完成回调内局部判断，不新增轮询、时间窗口或历史缓存；高频事件仍需实测。,未校准：中：与饮用药水、信标效果重复；材料成本不能证明不可循环，需看实际行为分布,目标只在本行完成分支采集，具体接入状态见当前列。可用同一次调用内的短时前后快照，不新增跨事件关联或长期缓存。,建议仅诊断记录，不计建设度；药水/信标/村庄英雄均有更具体事件，排除重复。,观测候选；附加建设度为0,未接入,,,效果应用或刷新只作结果观测；不叠加投药、图腾、信标和袭击胜利积分。只在本条一个服务端完成分支记录一次；对应通用计分入口按规则排除。不分配跨钩子完成序号，不维护额外去重表。,项目：StatisticsService / GameEventRules / RuleSnapshot；26.3游戏机制与候选钩子需逐项实现验证,状态效果覆盖续期、升级和失去，频繁变化不代表参与成果。,无现有独立采集；目标示例不代表覆盖承诺,contribution:military_food_medicine,状态效果变化,活动观测（不计建设度）,效果应用或刷新只作结果观测；不叠加投药、图腾、信标和袭击胜利积分,只在本条一个服务端完成分支记录一次；对应通用计分入口按规则排除。不分配跨钩子完成序号，不维护额外去重表。,只用当次可靠主体；缺失则记服务器。接受反复合法操作再次计数，不判断长期净收益。
contribution:combat/hero_of_village,玩家参与袭击并获胜,流通服务,原版进入袭击胜利结算，直接提供受奖参与玩家,原版一次胜利结算分支给当次参与玩家记一次,不祥之兆、村庄、掠夺者,successful_action,原版 raid_win 增量；不是单看效果加入,每场每名实际胜利参与者1次；服务器应按场/参与口径选定一种,1,1,原版胜利结算提供玩家则个人；缺少可靠玩家则仅服务器,未测量。单次完成回调内局部判断，不新增轮询、时间窗口或历史缓存；高频事件仍需实测。,未校准：低：需完整打赢一场袭击；材料成本不能证明不可循环，需看实际行为分布,目标只在本行完成分支采集，具体接入状态见当前列。可用同一次调用内的短时前后快照，不新增跨事件关联或长期缓存。,effects_changed 获得村庄英雄不再另给本次胜利分。,待实现（设计候选）,未接入,,,胜利授予与村庄英雄效果应用同一主结果；多人个人各计一次，世界按场指标另列且不叠加进个人总和。只挂原版胜利结算入口，不监听村庄英雄效果刷新；直接用原版参与者，不新增参战跟踪或袭击历史集合。,项目：StatisticsService / GameEventRules / RuleSnapshot；26.3游戏机制与候选钩子需逐项实现验证,合并获村庄英雄与袭击胜利口径，不重复计两次。,无现有独立采集；目标示例不代表覆盖承诺,contribution:circulation_services,袭击胜利,独立完成结果,胜利授予与村庄英雄效果应用同一主结果；多人个人各计一次，世界按场指标另列且不叠加进个人总和,只挂原版胜利结算入口，不监听村庄英雄效果刷新；直接用原版参与者，不新增参战跟踪或袭击历史集合。,不判定各玩家实际输出或参战时长；服务器玩家参与值从个人派生，按场观测不再追加积分。
contribution:tech/channeling,三叉戟引雷,能源化工,玩家投出的带引雷附魔的三叉戟在雷暴中击中实体或避雷针,闪电生成时计 1 次,三叉戟、引雷附魔、避雷针,successful_action,服务端完成点；原版统计/进度仅作语义参考，未自动桥接,每次 1 次,1,3,是,未测量。单次完成回调内局部判断，不新增轮询、时间窗口或历史缓存；高频事件仍需实测。,未校准：低：需雷暴天气；材料成本不能证明不可循环，需看实际行为分布,目标只在本行完成分支采集，具体接入状态见当前列。可用同一次调用内的短时前后快照，不新增跨事件关联或长期缓存。,确认闪电 cause 为实际玩家及三叉戟引雷；同一LightningBolt只记一次；不能按多次受击实体重复。,待实现（设计候选）,未接入,,,可靠玩家引雷计本条；同闪电不进入自然闪电主积分，三叉戟use耐久不额外加分。同一个闪电生成分支读取原版cause：可靠引雷玩家走channeling，否则自然观测。其他引雷/ENTITY_LOAD入口不再计，不保存闪电UUID表。,项目：StatisticsService / GameEventRules / RuleSnapshot；26.3游戏机制与候选钩子需逐项实现验证,引雷与一般闪电共用同一实体；必须排他来源。,无现有独立采集；目标示例不代表覆盖承诺,contribution:energy_chemical,引雷闪电生成,互斥闪电来源,可靠玩家引雷计本条；同闪电不进入自然闪电主积分，三叉戟use耐久不额外加分,同一个闪电生成分支读取原版cause：可靠引雷玩家走channeling，否则自然观测。其他引雷/ENTITY_LOAD入口不再计，不保存闪电UUID表。,缺失cause不反查三叉戟或附近玩家；无法可靠分来源的人工闪电不强行归属。
contribution:tech/lightning_strike,闪电劈下,能源化工,世界自然生成闪电；排除已识别可靠引雷cause的闪电,闪电生成时计 1 次,自然闪电,successful_action,服务端完成点；原版统计/进度仅作语义参考，未自动桥接,仅自然闪电，排除已归引雷的同一闪电；不以玩家附近推断归属；保留原始量，附加建设度为0,1,0,否（世界活动观测）,未测量。单次完成回调内局部判断，不新增轮询、时间窗口或历史缓存；高频事件仍需实测。,未校准：低：自然闪电不可控；材料成本不能证明不可循环，需看实际行为分布,目标只在本行完成分支采集，具体接入状态见当前列。可用同一次调用内的短时前后快照，不新增跨事件关联或长期缓存。,只记录自然闪电生态指标；排除引雷、命令和重复加载；不建议进入奖励/繁荣度。,观测候选；附加建设度为0,未接入,,,仅自然闪电，排除已归引雷的同一闪电；不以玩家附近推断归属。同一个闪电生成分支读取原版cause：可靠引雷玩家走channeling，否则自然观测。其他引雷/ENTITY_LOAD入口不再计，不保存闪电UUID表。,项目：StatisticsService / GameEventRules / RuleSnapshot；26.3游戏机制与候选钩子需逐项实现验证,附近玩家不是自然闪电所有者；自然天气与游戏参与不同。,无现有独立采集；目标示例不代表覆盖承诺,contribution:energy_chemical,自然闪电观测,活动观测（不计建设度）,仅自然闪电，排除已归引雷的同一闪电；不以玩家附近推断归属,同一个闪电生成分支读取原版cause：可靠引雷玩家走channeling，否则自然观测。其他引雷/ENTITY_LOAD入口不再计，不保存闪电UUID表。,缺失cause不反查三叉戟或附近玩家；无法可靠分来源的人工闪电不强行归属。
contribution:tech/beacon_construct,信标由未激活变为激活,科技魔法,原版信标更新调用内有效等级由0变为大于0,一次信标原版更新调用结束，只比较当次更新前后有效等级,信标、下界合金锭、铁块、金块、钻石块、绿宝石块,successful_action,服务端完成点；原版统计/进度仅作语义参考，未自动桥接,本次未激活到激活计一次；不保存历史最高等级，不识别设施生命周期,1,5,通常仅服务器；当次回调直接提供可靠玩家时才个人,未测量。单次完成回调内局部判断，不新增轮询、时间窗口或历史缓存；高频事件仍需实测。,未校准：低：矿物块成本高；材料成本不能证明不可循环，需看实际行为分布,目标只在本行完成分支采集，具体接入状态见当前列。可用同一次调用内的短时前后快照，不新增跨事件关联或长期缓存。,只在原版一次更新内比较前后有效等级，不保存设施身份、历史最高值或冷却时间。,待实现（设计候选）,未接入,,,本次未激活到激活只记本入口；信标效果、进度不再加分。基座放置为不同阶段，重新激活允许再计。。只在当次激活边界记录，允许局部保存更新前等级；不监听信标效果、进度或建造过程，不另加定时任务。,项目：StatisticsService / GameEventRules / RuleSnapshot；26.3游戏机制与候选钩子需逐项实现验证,取消历史最高等级与持久设施身份，接受重复激活计数换取单点判断,无现有独立采集；目标示例不代表覆盖承诺,contribution:technology_magic,信标有效设施里程碑,独立完成结果,本次未激活到激活只记本入口；信标效果、进度不再加分。基座放置为不同阶段，重新激活允许再计。,只在当次激活边界记录，允许局部保存更新前等级；不监听信标效果、进度或建造过程，不另加定时任务。,关闭后再激活会再次计数；不追查建造者，不计算历史等级提升。
contribution:tech/ender_eye,使用末影之眼,科技魔法,玩家投掷末影之眼以定位要塞,末影之眼被投出时计 1 次,末影之眼,successful_action,服务端完成点；原版统计/进度仅作语义参考，未自动桥接,每次 1 次,1,1,是,未测量。单次完成回调内局部判断，不新增轮询、时间窗口或历史缓存；高频事件仍需实测。,未校准：低：末影之眼有消耗；材料成本不能证明不可循环，需看实际行为分布,目标只在本行完成分支采集，具体接入状态见当前列。可用同一次调用内的短时前后快照，不新增跨事件关联或长期缓存。,成功投出只表示探索动作；当前未适配；同次物品使用统计不可再计。,待实现（设计候选）,未接入,,,同一结果只选一个主入口；原版统计、进度和专用钩子不得重复入账。只在本条一个服务端完成分支记录一次；对应通用计分入口按规则排除。不分配跨钩子完成序号，不维护额外去重表。,项目：StatisticsService / GameEventRules / RuleSnapshot；26.3游戏机制与候选钩子需逐项实现验证,末影之眼可能回收，非每次一定消耗；空投不能代表探索成果。,无现有独立采集；目标示例不代表覆盖承诺,contribution:technology_magic,专用完成结果,独立完成结果,同一结果只选一个主入口；原版统计、进度和专用钩子不得重复入账,只在本条一个服务端完成分支记录一次；对应通用计分入口按规则排除。不分配跨钩子完成序号，不维护额外去重表。,只用当次可靠主体；缺失则记服务器。接受反复合法操作再次计数，不判断长期净收益。
contribution:tech/build_wither,建造凋灵,军工食药,玩家用灵魂沙与凋灵骷髅头搭建并召唤凋灵,凋灵生成时计 1 次,灵魂沙、凋灵骷髅头,successful_action,服务端完成点；原版统计/进度仅作语义参考，未自动桥接,每次 1 次,1,10,当次召唤分支直接提供可靠玩家则个人，否则服务器,未测量。单次完成回调内局部判断，不新增轮询、时间窗口或历史缓存；高频事件仍需实测。,未校准：低：头颅稀缺；材料成本不能证明不可循环，需看实际行为分布,目标只在本行完成分支采集，具体接入状态见当前列。可用同一次调用内的短时前后快照，不新增跨事件关联或长期缓存。,一次召唤与最后头颅放置择一；权重10仍为原表提案，未实测校准。,待实现（设计候选）,未接入,,,同一结果只选一个主入口；原版统计、进度和专用钩子不得重复入账。只在结构召唤实体成功分支计一次，不另外监听头颅放置或ENTITY_LOAD；当次有玩家参数才归个人。,项目：StatisticsService / GameEventRules / RuleSnapshot；26.3游戏机制与候选钩子需逐项实现验证,生成附近进度对象不证明建造归属；复制/农场可重复。,无现有独立采集；目标示例不代表覆盖承诺,contribution:military_food_medicine,专用完成结果,独立完成结果,同一结果只选一个主入口；原版统计、进度和专用钩子不得重复入账,只在结构召唤实体成功分支计一次，不另外监听头颅放置或ENTITY_LOAD；当次有玩家参数才归个人。,不追踪谁搭建了前置方块，也不做多人贡献分摊。
contribution:culture/map_draw,创建已填充地图,文教民生,玩家用空地图在制图台或手持绘制地形,空地图成功变为有 map_id 的新地图后,空地图、地图、制图台、指南针,successful_action,地图物品服务端新地图生成路径；非 interact_with_cartography_table,每张 1 次,1,1,是,未测量。单次完成回调内局部判断，不新增轮询、时间窗口或历史缓存；高频事件仍需实测。,未校准：低：地图有成本；材料成本不能证明不可循环，需看实际行为分布,目标只在本行完成分支采集，具体接入状态见当前列。可用同一次调用内的短时前后快照，不新增跨事件关联或长期缓存。,按新map_id计一次；复制/锁定/缩放另定义，不把每次打开制图台算创作。,待实现（设计候选）,未接入,,,同一结果只选一个主入口；原版统计、进度和专用钩子不得重复入账。只在本条一个服务端完成分支记录一次；对应通用计分入口按规则排除。不分配跨钩子完成序号，不维护额外去重表。,项目：StatisticsService / GameEventRules / RuleSnapshot；26.3游戏机制与候选钩子需逐项实现验证,打开制图台不能证明制图；地图生成与探索填图不同。,无现有独立采集；目标示例不代表覆盖承诺,contribution:culture_education_livelihood,专用完成结果,独立完成结果,同一结果只选一个主入口；原版统计、进度和专用钩子不得重复入账,只在本条一个服务端完成分支记录一次；对应通用计分入口按规则排除。不分配跨钩子完成序号，不维护额外去重表。,只用当次可靠主体；缺失则记服务器。接受反复合法操作再次计数，不判断长期净收益。
contribution:culture/write_book,完成成书,文教民生,玩家把书与笔签名为成书,成书产出时计 1 次,书与笔、成书、书,successful_action,服务端签名书籍请求校验并把书与笔转换为成书后的完成点,每本 1 次,1,3,是,未测量。单次完成回调内局部判断，不新增轮询、时间窗口或历史缓存；高频事件仍需实测。,未校准：低：需书写内容；材料成本不能证明不可循环，需看实际行为分布,目标只在本行完成分支采集，具体接入状态见当前列。可用同一次调用内的短时前后快照，不新增跨事件关联或长期缓存。,只计实际签名转换；复制成书排除；字数不代表内容质量，不宣称有书写成本便不可刷。,待实现（设计候选）,未接入,,,同次成功产物与craft/use/interact只计本来源；考古刷子耐久为附属，签名不与成书复制配方混同。只在本条一个服务端完成分支记录一次；对应通用计分入口按规则排除。不分配跨钩子完成序号，不维护额外去重表。,项目：StatisticsService / GameEventRules / RuleSnapshot；26.3游戏机制与候选钩子需逐项实现验证,签名是编辑书籍网络处理，不是合成产物；不能依赖crafted:written_book。,无现有独立采集；目标示例不代表覆盖承诺,contribution:culture_education_livelihood,专用完成结果,独立完成结果,同次成功产物与craft/use/interact只计本来源；考古刷子耐久为附属，签名不与成书复制配方混同,只在本条一个服务端完成分支记录一次；对应通用计分入口按规则排除。不分配跨钩子完成序号，不维护额外去重表。,只用当次可靠主体；缺失则记服务器。接受反复合法操作再次计数，不判断长期净收益。
contribution:growth/crop_wheat,小麦等作物生长至成熟,农林牧渔,小麦、胡萝卜、马铃薯的 AGE 由 7 以下变为 7（CropBlock.isMaxAge() 为真）,方块状态实际变为成熟态时计 1 次；只判断当次跨成熟边界,小麦、胡萝卜、马铃薯、耕地,successful_action,服务端完成点；原版统计/进度仅作语义参考，未自动桥接,当次由未熟变成熟计 1 次；保留原始量，附加建设度为0,1,0,否（只保留活动明细）,未测量。单次完成回调内局部判断，不新增轮询、时间窗口或历史缓存；高频事件仍需实测。,未校准：低：需玩家播种与收割才能进入下一轮；材料成本不能证明不可循环，需看实际行为分布,目标只在本行完成分支采集，具体接入状态见当前列。可用同一次调用内的短时前后快照，不新增跨事件关联或长期缓存。,建议记录生态活动，不直接作为个人参与或贡献奖励；所有状态差必须来自当前成功生长，不能重载补计。,观测候选；附加建设度为0,未接入,,,成熟/生成是独立阶段；不视为玩家place，不因靠近或曾播种归个人。只在该植物原版生长/树形生成分支比较当次前后状态或成功返回；不监听全世界setBlock，不保存植株、位置或生长轮次历史。,项目：StatisticsService / GameEventRules / RuleSnapshot；26.3游戏机制与候选钩子需逐项实现验证,自然生长无可证明玩家主体；当前明确不采集；改为独立生态/无主生产候选。,无现有独立采集；目标示例不代表覆盖承诺,contribution:agriculture_forestry_livestock_fishery,世界生长转换,活动观测（不计建设度）,成熟/生成是独立阶段；不视为玩家place，不因靠近或曾播种归个人,只在该植物原版生长/树形生成分支比较当次前后状态或成功返回；不监听全世界setBlock，不保存植株、位置或生长轮次历史。,同一植物被重新种植或再次达到成熟会再次记录。不追踪整株生命周期，不推断播种玩家。
contribution:growth/crop_beetroot,甜菜生长至成熟,农林牧渔,甜菜的 AGE 由 3 以下变为 3,方块状态实际变为成熟态时计 1 次；只判断当次跨成熟边界,甜菜种子、甜菜、耕地,successful_action,服务端完成点；原版统计/进度仅作语义参考，未自动桥接,当次由未熟变成熟计 1 次；保留原始量，附加建设度为0,1,0,否（只保留活动明细）,未测量。单次完成回调内局部判断，不新增轮询、时间窗口或历史缓存；高频事件仍需实测。,未校准：低：同小麦；材料成本不能证明不可循环，需看实际行为分布,目标只在本行完成分支采集，具体接入状态见当前列。可用同一次调用内的短时前后快照，不新增跨事件关联或长期缓存。,建议记录生态活动，不直接作为个人参与或贡献奖励；所有状态差必须来自当前成功生长，不能重载补计。,观测候选；附加建设度为0,未接入,,,成熟/生成是独立阶段；不视为玩家place，不因靠近或曾播种归个人。只在该植物原版生长/树形生成分支比较当次前后状态或成功返回；不监听全世界setBlock，不保存植株、位置或生长轮次历史。,项目：StatisticsService / GameEventRules / RuleSnapshot；26.3游戏机制与候选钩子需逐项实现验证,自然生长无可证明玩家主体；当前明确不采集；改为独立生态/无主生产候选。,无现有独立采集；目标示例不代表覆盖承诺,contribution:agriculture_forestry_livestock_fishery,世界生长转换,活动观测（不计建设度）,成熟/生成是独立阶段；不视为玩家place，不因靠近或曾播种归个人,只在该植物原版生长/树形生成分支比较当次前后状态或成功返回；不监听全世界setBlock，不保存植株、位置或生长轮次历史。,同一植物被重新种植或再次达到成熟会再次记录。不追踪整株生命周期，不推断播种玩家。
contribution:growth/stem_pumpkin_melon,南瓜或西瓜茎结果,农林牧渔,成熟茎成功在目标位置生成新南瓜/西瓜方块,果实方块成功生成后,南瓜茎、西瓜茎、南瓜、西瓜、耕地,successful_action,服务端完成点；原版统计/进度仅作语义参考，未自动桥接,每个新果实1次；保留原始量，附加建设度为0,1,0,否（只保留活动明细）,未测量。单次完成回调内局部判断，不新增轮询、时间窗口或历史缓存；高频事件仍需实测。,未校准：低：需玩家播种；结果后茎不再生长；材料成本不能证明不可循环，需看实际行为分布,目标只在本行完成分支采集，具体接入状态见当前列。可用同一次调用内的短时前后快照，不新增跨事件关联或长期缓存。,StemBlock 生长成功分支；与农场收获是不同阶段，应分别披露而不解释为个人。,观测候选；附加建设度为0,未接入,,,成熟/生成是独立阶段；不视为玩家place，不因靠近或曾播种归个人。只在该植物原版生长/树形生成分支比较当次前后状态或成功返回；不监听全世界setBlock，不保存植株、位置或生长轮次历史。,项目：StatisticsService / GameEventRules / RuleSnapshot；26.3游戏机制与候选钩子需逐项实现验证,茎年龄到7只是成熟，不保证结果；收获后可重复结果。,无现有独立采集；目标示例不代表覆盖承诺,contribution:agriculture_forestry_livestock_fishery,世界生长转换,活动观测（不计建设度）,成熟/生成是独立阶段；不视为玩家place，不因靠近或曾播种归个人,只在该植物原版生长/树形生成分支比较当次前后状态或成功返回；不监听全世界setBlock，不保存植株、位置或生长轮次历史。,同一植物被重新种植或再次达到成熟会再次记录。不追踪整株生命周期，不推断播种玩家。
contribution:growth/nether_wart,下界疣生长至成熟,农林牧渔,下界疣的 AGE 由 3 以下变为 3,方块状态实际变为成熟态时计 1 次；只判断当次跨成熟边界,下界疣、灵魂沙,successful_action,服务端完成点；原版统计/进度仅作语义参考，未自动桥接,当次由未熟变成熟计 1 次；保留原始量，附加建设度为0,1,0,否（只保留活动明细）,未测量。单次完成回调内局部判断，不新增轮询、时间窗口或历史缓存；高频事件仍需实测。,未校准：低：需玩家播种与收割；材料成本不能证明不可循环，需看实际行为分布,目标只在本行完成分支采集，具体接入状态见当前列。可用同一次调用内的短时前后快照，不新增跨事件关联或长期缓存。,建议记录生态活动，不直接作为个人参与或贡献奖励；所有状态差必须来自当前成功生长，不能重载补计。,观测候选；附加建设度为0,未接入,,,成熟/生成是独立阶段；不视为玩家place，不因靠近或曾播种归个人。只在该植物原版生长/树形生成分支比较当次前后状态或成功返回；不监听全世界setBlock，不保存植株、位置或生长轮次历史。,项目：StatisticsService / GameEventRules / RuleSnapshot；26.3游戏机制与候选钩子需逐项实现验证,自然生长无可证明玩家主体；当前明确不采集；改为独立生态/无主生产候选。,无现有独立采集；目标示例不代表覆盖承诺,contribution:agriculture_forestry_livestock_fishery,世界生长转换,活动观测（不计建设度）,成熟/生成是独立阶段；不视为玩家place，不因靠近或曾播种归个人,只在该植物原版生长/树形生成分支比较当次前后状态或成功返回；不监听全世界setBlock，不保存植株、位置或生长轮次历史。,同一植物被重新种植或再次达到成熟会再次记录。不追踪整株生命周期，不推断播种玩家。
contribution:growth/cocoa,可可豆生长至成熟,农林牧渔,可可豆的 AGE 由 2 以下变为 2,方块状态实际变为成熟态时计 1 次；只判断当次跨成熟边界,可可豆、丛林原木,successful_action,服务端完成点；原版统计/进度仅作语义参考，未自动桥接,当次由未熟变成熟计 1 次；保留原始量，附加建设度为0,1,0,否（只保留活动明细）,未测量。单次完成回调内局部判断，不新增轮询、时间窗口或历史缓存；高频事件仍需实测。,未校准：低：需玩家播种与收割；材料成本不能证明不可循环，需看实际行为分布,目标只在本行完成分支采集，具体接入状态见当前列。可用同一次调用内的短时前后快照，不新增跨事件关联或长期缓存。,建议记录生态活动，不直接作为个人参与或贡献奖励；所有状态差必须来自当前成功生长，不能重载补计。,观测候选；附加建设度为0,未接入,,,成熟/生成是独立阶段；不视为玩家place，不因靠近或曾播种归个人。只在该植物原版生长/树形生成分支比较当次前后状态或成功返回；不监听全世界setBlock，不保存植株、位置或生长轮次历史。,项目：StatisticsService / GameEventRules / RuleSnapshot；26.3游戏机制与候选钩子需逐项实现验证,自然生长无可证明玩家主体；当前明确不采集；改为独立生态/无主生产候选。,无现有独立采集；目标示例不代表覆盖承诺,contribution:agriculture_forestry_livestock_fishery,世界生长转换,活动观测（不计建设度）,成熟/生成是独立阶段；不视为玩家place，不因靠近或曾播种归个人,只在该植物原版生长/树形生成分支比较当次前后状态或成功返回；不监听全世界setBlock，不保存植株、位置或生长轮次历史。,同一植物被重新种植或再次达到成熟会再次记录。不追踪整株生命周期，不推断播种玩家。
contribution:growth/sweet_berry,甜浆果丛生长至成熟,农林牧渔,AGE从小于3变为3,首次达到完全成熟AGE=3；AGE=2可采但不属于本条完全成熟,甜浆果丛、甜浆果,successful_action,服务端完成点；原版统计/进度仅作语义参考，未自动桥接,当次达到完全成熟1次；保留原始量，附加建设度为0,1,0,否（只保留活动明细）,未测量。单次完成回调内局部判断，不新增轮询、时间窗口或历史缓存；高频事件仍需实测。,未校准：低：采集后回落年龄，需再生长；材料成本不能证明不可循环，需看实际行为分布,目标只在本行完成分支采集，具体接入状态见当前列。可用同一次调用内的短时前后快照，不新增跨事件关联或长期缓存。,不与同次骨粉催熟重复；采摘之后再次自然成熟是新生态周期。,观测候选；附加建设度为0,未接入,,,成熟/生成是独立阶段；不视为玩家place，不因靠近或曾播种归个人。只在该植物原版生长/树形生成分支比较当次前后状态或成功返回；不监听全世界setBlock，不保存植株、位置或生长轮次历史。,项目：StatisticsService / GameEventRules / RuleSnapshot；26.3游戏机制与候选钩子需逐项实现验证,年龄2即可采摘，3为成熟；二者不能混称。,无现有独立采集；目标示例不代表覆盖承诺,contribution:agriculture_forestry_livestock_fishery,世界生长转换,活动观测（不计建设度）,成熟/生成是独立阶段；不视为玩家place，不因靠近或曾播种归个人,只在该植物原版生长/树形生成分支比较当次前后状态或成功返回；不监听全世界setBlock，不保存植株、位置或生长轮次历史。,同一植物被重新种植或再次达到成熟会再次记录。不追踪整株生命周期，不推断播种玩家。
contribution:growth/sapling,树苗长成树木,农林牧渔,树苗触发的树形特征实际成功生成,树形特征生成返回成功且树苗转换完成后,全部树苗（橡木/云杉/白桦/丛林/金合欢/深色橡木/樱花/苍白橡木/红树等）,successful_action,服务端完成点；原版统计/进度仅作语义参考，未自动桥接,每次成功生成树形1次；保留原始量，附加建设度为0,1,0,否（只保留活动明细）,未测量。单次完成回调内局部判断，不新增轮询、时间窗口或历史缓存；高频事件仍需实测。,未校准：低：野生树苗也会自然长成，但数量有限；材料成本不能证明不可循环，需看实际行为分布,目标只在本行完成分支采集，具体接入状态见当前列。可用同一次调用内的短时前后快照，不新增跨事件关联或长期缓存。,骨粉与自然触发区分；与骨粉主事件避免同次奖励。,观测候选；附加建设度为0,未接入,,,成熟/生成是独立阶段；不视为玩家place，不因靠近或曾播种归个人。只在该植物原版生长/树形生成分支比较当次前后状态或成功返回；不监听全世界setBlock，不保存植株、位置或生长轮次历史。,项目：StatisticsService / GameEventRules / RuleSnapshot；26.3游戏机制与候选钩子需逐项实现验证,STAGE 0到1不是树生成成功；2×2树苗应按一次树形生成计。,无现有独立采集；目标示例不代表覆盖承诺,contribution:agriculture_forestry_livestock_fishery,世界生长转换,活动观测（不计建设度）,成熟/生成是独立阶段；不视为玩家place，不因靠近或曾播种归个人,只在该植物原版生长/树形生成分支比较当次前后状态或成功返回；不监听全世界setBlock，不保存植株、位置或生长轮次历史。,同一植物被重新种植或再次达到成熟会再次记录。不追踪整株生命周期，不推断播种玩家。
contribution:growth/mangrove_propagule,红树胎生苗生长,农林牧渔,悬挂胎生苗 HANGING=true 且AGE从未熟达到4,实际悬挂苗成熟状态写入后,红树胎生苗、红树原木,successful_action,服务端完成点；原版统计/进度仅作语义参考，未自动桥接,每个悬挂苗成熟一次；保留原始量，附加建设度为0,1,0,否（只保留活动明细）,未测量。单次完成回调内局部判断，不新增轮询、时间窗口或历史缓存；高频事件仍需实测。,未校准：低；材料成本不能证明不可循环，需看实际行为分布,目标只在本行完成分支采集，具体接入状态见当前列。可用同一次调用内的短时前后快照，不新增跨事件关联或长期缓存。,HANGING表悬挂，STAGE用于树形生长阶段；禁止混用。,观测候选；附加建设度为0,未接入,,,成熟/生成是独立阶段；不视为玩家place，不因靠近或曾播种归个人。只在该植物原版生长/树形生成分支比较当次前后状态或成功返回；不监听全世界setBlock，不保存植株、位置或生长轮次历史。,项目：StatisticsService / GameEventRules / RuleSnapshot；26.3游戏机制与候选钩子需逐项实现验证,悬挂胎生苗成熟与落地长成红树不同。,无现有独立采集；目标示例不代表覆盖承诺,contribution:agriculture_forestry_livestock_fishery,世界生长转换,活动观测（不计建设度）,成熟/生成是独立阶段；不视为玩家place，不因靠近或曾播种归个人,只在该植物原版生长/树形生成分支比较当次前后状态或成功返回；不监听全世界setBlock，不保存植株、位置或生长轮次历史。,同一植物被重新种植或再次达到成熟会再次记录。不追踪整株生命周期，不推断播种玩家。
contribution:growth/sugar_cane,甘蔗生长,农林牧渔,生长机制成功在上方生成一个新植物方块,新方块实际写入成功后,甘蔗、沙子、泥土、草方块,successful_action,服务端完成点；原版统计/进度仅作语义参考，未自动桥接,每新增一节1次；保留原始量，附加建设度为0,1,0,否（只保留活动明细）,未测量。单次完成回调内局部判断，不新增轮询、时间窗口或历史缓存；高频事件仍需实测。,未校准：中：可在垂直与平面上大量增殖；材料成本不能证明不可循环，需看实际行为分布,目标只在本行完成分支采集，具体接入状态见当前列。可用同一次调用内的短时前后快照，不新增跨事件关联或长期缓存。,默认整株生长高度约3格，不能宣称建筑高度是甘蔗默认上限；仙人掌花生成另列。,观测候选；附加建设度为0,未接入,,,成熟/生成是独立阶段；不视为玩家place，不因靠近或曾播种归个人。只在该植物原版生长/树形生成分支比较当次前后状态或成功返回；不监听全世界setBlock，不保存植株、位置或生长轮次历史。,项目：StatisticsService / GameEventRules / RuleSnapshot；26.3游戏机制与候选钩子需逐项实现验证,AGE是生长计时而非每增一次长一节；默认高度有限，自动收割可循环。,无现有独立采集；目标示例不代表覆盖承诺,contribution:agriculture_forestry_livestock_fishery,世界生长转换,活动观测（不计建设度）,成熟/生成是独立阶段；不视为玩家place，不因靠近或曾播种归个人,只在该植物原版生长/树形生成分支比较当次前后状态或成功返回；不监听全世界setBlock，不保存植株、位置或生长轮次历史。,同一植物被重新种植或再次达到成熟会再次记录。不追踪整株生命周期，不推断播种玩家。
contribution:growth/cactus,仙人掌生长,农林牧渔,生长机制成功在上方生成一个新植物方块,新方块实际写入成功后,仙人掌、沙子,successful_action,服务端完成点；原版统计/进度仅作语义参考，未自动桥接,每新增一节1次；保留原始量，附加建设度为0,1,0,否（只保留活动明细）,未测量。单次完成回调内局部判断，不新增轮询、时间窗口或历史缓存；高频事件仍需实测。,未校准：中：可持续增高；材料成本不能证明不可循环，需看实际行为分布,目标只在本行完成分支采集，具体接入状态见当前列。可用同一次调用内的短时前后快照，不新增跨事件关联或长期缓存。,默认整株生长高度约3格，不能宣称建筑高度是甘蔗默认上限；仙人掌花生成另列。,观测候选；附加建设度为0,未接入,,,成熟/生成是独立阶段；不视为玩家place，不因靠近或曾播种归个人。只在该植物原版生长/树形生成分支比较当次前后状态或成功返回；不监听全世界setBlock，不保存植株、位置或生长轮次历史。,项目：StatisticsService / GameEventRules / RuleSnapshot；26.3游戏机制与候选钩子需逐项实现验证,AGE是生长计时而非每增一次长一节；默认高度有限，自动收割可循环。,无现有独立采集；目标示例不代表覆盖承诺,contribution:agriculture_forestry_livestock_fishery,世界生长转换,活动观测（不计建设度）,成熟/生成是独立阶段；不视为玩家place，不因靠近或曾播种归个人,只在该植物原版生长/树形生成分支比较当次前后状态或成功返回；不监听全世界setBlock，不保存植株、位置或生长轮次历史。,同一植物被重新种植或再次达到成熟会再次记录。不追踪整株生命周期，不推断播种玩家。
contribution:process/stonecutting,切石机成功加工,加工制造,配方结果实际转移给玩家且材料扣除,成功取出加工结果,切石机配方产物,output_item,26.3服务端完成分支；精确注入描述符实现前验证,实际结果个数，含Shift批量,1,1,是,未测量。单次完成回调内局部判断，不新增轮询、时间窗口或历史缓存；高频事件仍需实测。,需按实际循环与归属评估,目标只在本行完成分支采集，具体接入状态见当前列。可用同一次调用内的短时前后快照，不新增跨事件关联或长期缓存。,切石不是ResultSlot手动合成路径；不能仅将产物加入craft标签就认为已覆盖,待实现（设计候选）,未接入,,,同次成功产物与craft/use/interact只计本来源；考古刷子耐久为附属，签名不与成书复制配方混同。只在本条一个服务端完成分支记录一次；对应通用计分入口按规则排除。不分配跨钩子完成序号，不维护额外去重表。,项目现状+26.3机制；为设计提案,补齐原表遗漏并拆开不同完成语义,无现有独立采集；目标示例不代表覆盖承诺,contribution:processing_manufacturing,专用完成结果,独立完成结果,同次成功产物与craft/use/interact只计本来源；考古刷子耐久为附属，签名不与成书复制配方混同,只在本条一个服务端完成分支记录一次；对应通用计分入口按规则排除。不分配跨钩子完成序号，不维护额外去重表。,只用当次可靠主体；缺失则记服务器。接受反复合法操作再次计数，不判断长期净收益。
contribution:modify/grindstone,砂轮修复或祛魔,加工制造（修复）；科技魔法（祛魔）,结果实际转移且耐久改善或附魔被移除,输入消耗且结果交付后,工具/武器/防具/附魔书,modified_item,26.3服务端完成分支；精确注入描述符实现前验证,一个結果一个主类型；建议修复优先，祛魔次之,1,1,是,未测量。单次完成回调内局部判断，不新增轮询、时间窗口或历史缓存；高频事件仍需实测。,需按实际循环与归属评估,目标只在本行完成分支采集，具体接入状态见当前列。可用同一次调用内的短时前后快照，不新增跨事件关联或长期缓存。,不计界面打开或空结果；修复与祛魔并存时不能给两行业叠加,待实现（设计候选）,未接入,,,同次结果耐久修复优先，纯祛魔其次；不同时归两个行业，不叠加craft。在一次砂轮结果取出回调比较输入/输出：修复优先，纯祛魔其次；不分配结果序号、不关联craft回调。,项目现状+26.3机制；为设计提案,补齐原表遗漏并拆开不同完成语义,无现有独立采集；目标示例不代表覆盖承诺,contribution:processing_manufacturing；contribution:technology_magic,砂轮成功结果,互斥结果分类,同次结果耐久修复优先，纯祛魔其次；不同时归两个行业，不叠加craft,在一次砂轮结果取出回调比较输入/输出：修复优先，纯祛魔其次；不分配结果序号、不关联craft回调。,只用当次可靠主体；缺失则记服务器。接受反复合法操作再次计数，不判断长期净收益。
contribution:modify/loom,织布机应用旗帜图案,文教民生,染料/材料被扣除并取得有新增图案的旗帜,结果实际取出,旗帜、染料、图案物品,modified_item,26.3服务端完成分支；精确注入描述符实现前验证,成功改造结果数量,1,1,是,未测量。单次完成回调内局部判断，不新增轮询、时间窗口或历史缓存；高频事件仍需实测。,需按实际循环与归属评估,目标只在本行完成分支采集，具体接入状态见当前列。可用同一次调用内的短时前后快照，不新增跨事件关联或长期缓存。,普通打开织布机不计；与清洗旗帜循环需单独说明,待实现（设计候选）,未接入,,,同次成功产物与craft/use/interact只计本来源；考古刷子耐久为附属，签名不与成书复制配方混同。只在本条一个服务端完成分支记录一次；对应通用计分入口按规则排除。不分配跨钩子完成序号，不维护额外去重表。,项目现状+26.3机制；为设计提案,补齐原表遗漏并拆开不同完成语义,无现有独立采集；目标示例不代表覆盖承诺,contribution:culture_education_livelihood,专用完成结果,独立完成结果,同次成功产物与craft/use/interact只计本来源；考古刷子耐久为附属，签名不与成书复制配方混同,只在本条一个服务端完成分支记录一次；对应通用计分入口按规则排除。不分配跨钩子完成序号，不维护额外去重表。,只用当次可靠主体；缺失则记服务器。接受反复合法操作再次计数，不判断长期净收益。
contribution:culture/sign_edit,玩家完成告示牌编辑,文教民生,服务端验证权限后文本实际改变,编辑请求成功写入,告示牌、悬挂告示牌,successful_action,26.3服务端完成分支；精确注入描述符实现前验证,成功文本修改1次,1,1,是,未测量。单次完成回调内局部判断，不新增轮询、时间窗口或历史缓存；高频事件仍需实测。,需按实际循环与归属评估,目标只在本行完成分支采集，具体接入状态见当前列。可用同一次调用内的短时前后快照，不新增跨事件关联或长期缓存。,仅作文化活动候选；重复文本和频繁改写不代表新内容，文本质量不自动评分,待实现（设计候选）,未接入,,,同一结果只选一个主入口；原版统计、进度和专用钩子不得重复入账。只在本条一个服务端完成分支记录一次；对应通用计分入口按规则排除。不分配跨钩子完成序号，不维护额外去重表。,项目现状+26.3机制；为设计提案,补齐原表遗漏并拆开不同完成语义,无现有独立采集；目标示例不代表覆盖承诺,contribution:culture_education_livelihood,专用完成结果,独立完成结果,同一结果只选一个主入口；原版统计、进度和专用钩子不得重复入账,只在本条一个服务端完成分支记录一次；对应通用计分入口按规则排除。不分配跨钩子完成序号，不维护额外去重表。,只用当次可靠主体；缺失则记服务器。接受反复合法操作再次计数，不判断长期净收益。
contribution:collect/archaeology,刷取考古产物,文教民生,可疑方块刷取进度完成并产生战利品,原版刷取完成并生成战利品的分支,可疑的沙子、可疑的沙砾,output_item,26.3服务端完成分支；精确注入描述符实现前验证,实际考古产物数量,1,1,当次完成分支有可靠刷取玩家则个人，否则服务器,未测量。单次完成回调内局部判断，不新增轮询、时间窗口或历史缓存；高频事件仍需实测。,需按实际循环与归属评估,目标只在本行完成分支采集，具体接入状态见当前列。可用同一次调用内的短时前后快照，不新增跨事件关联或长期缓存。,与刷子耐久及容器战利品条目互斥；不同于打开遗迹箱子,待实现（设计候选）,未接入,,,同次成功产物与craft/use/interact只计本来源；考古刷子耐久为附属，签名不与成书复制配方混同。只在原版刷取完成时采集，直接用当次刷取玩家和产物；刷子从通用use建设度排除，不由模组累计刷取次数。,项目现状+26.3机制；为设计提案,补齐原表遗漏并拆开不同完成语义,无现有独立采集；目标示例不代表覆盖承诺,contribution:culture_education_livelihood,专用完成结果,独立完成结果,同次成功产物与craft/use/interact只计本来源；考古刷子耐久为附属，签名不与成书复制配方混同,只在原版刷取完成时采集，直接用当次刷取玩家和产物；刷子从通用use建设度排除，不由模组累计刷取次数。,只记录当次结果，不追踪工具消耗过程、连带产物或长期归属。
contribution:collect/lava_bucket,装桶采集岩浆,能源化工,空桶装满真实岩浆源,源变化/桶转换成功后,桶、岩浆桶,successful_action,26.3服务端完成分支；精确注入描述符实现前验证,成功采集1次,1,1,是,未测量。单次完成回调内局部判断，不新增轮询、时间窗口或历史缓存；高频事件仍需实测。,需按实际循环与归属评估,目标只在本行完成分支采集，具体接入状态见当前列。可用同一次调用内的短时前后快照，不新增跨事件关联或长期缓存。,瞬时桶动作目前未适配；放回再装可循环，不能默认防刷,待实现（设计候选）,未接入,,,同一结果只选一个主入口；原版统计、进度和专用钩子不得重复入账。只在本条一个服务端完成分支记录一次；对应通用计分入口按规则排除。不分配跨钩子完成序号，不维护额外去重表。,项目现状+26.3机制；为设计提案,补齐原表遗漏并拆开不同完成语义,无现有独立采集；目标示例不代表覆盖承诺,contribution:energy_chemical,专用完成结果,独立完成结果,同一结果只选一个主入口；原版统计、进度和专用钩子不得重复入账,只在本条一个服务端完成分支记录一次；对应通用计分入口按规则排除。不分配跨钩子完成序号，不维护额外去重表。,只用当次可靠主体；缺失则记服务器。接受反复合法操作再次计数，不判断长期净收益。
contribution:process/renewable_block,无主造石、生长或材料固化,土建园林（石材）；采矿冶金（矿物）,受控白名单机制实际生成新方块，按造石/矿物生长/材料固化分类型,新方块写入成功后,造石或玄武岩、滴水石生长、混凝土粉末固化；混凝土不称可再生原料生产,successful_action,26.3服务端完成分支；精确注入描述符实现前验证,分类保留实际生成方块原始量；活动观测，附加建设度为0,1,0,否（只保留活动明细）,未测量。单次完成回调内局部判断，不新增轮询、时间窗口或历史缓存；高频事件仍需实测。,需按实际循环与归属评估,目标只在本行完成分支采集，具体接入状态见当前列。可用同一次调用内的短时前后快照，不新增跨事件关联或长期缓存。,不按全部世界setBlock扫描；仅完成分支；自然生成与人工设备难区分，宜作生产指标,观测候选；附加建设度为0,未接入,,,同次生成不得叠加growth/通用setBlock；玩家先放粉末与后续固化为不同阶段，固化只观测。只用白名单造石/生长/固化成功分支；与植物growth按机制分支互斥，不全局扫描方块，不分配生产序号。,项目现状+26.3机制；为设计提案,补齐原表遗漏并拆开不同完成语义,无现有独立采集；目标示例不代表覆盖承诺,contribution:construction_landscaping；contribution:mining_metallurgy,世界方块生成/转换,活动观测（不计建设度）,同次生成不得叠加growth/通用setBlock；玩家先放粉末与后续固化为不同阶段，固化只观测,只用白名单造石/生长/固化成功分支；与植物growth按机制分支互斥，不全局扫描方块，不分配生产序号。,不判断是自然还是人工设备、不追踪设备所有者；只记录当次白名单转换。
