序号,行业,对应JSON文件,中文名称,注册ID
1,土建园林,craft_construction_landscaping.json,金合欢木栅栏,minecraft:acacia_fence
2,土建园林,craft_construction_landscaping.json,悬挂式金合欢木告示牌,minecraft:acacia_hanging_sign
3,土建园林,craft_construction_landscaping.json,金合欢木板,minecraft:acacia_planks
4,土建园林,craft_construction_landscaping.json,金合欢木告示牌,minecraft:acacia_sign
5,土建园林,craft_construction_landscaping.json,金合欢木台阶,minecraft:acacia_slab
6,土建园林,craft_construction_landscaping.json,金合欢木楼梯,minecraft:acacia_stairs
7,土建园林,craft_construction_landscaping.json,金合欢木,minecraft:acacia_wood
8,土建园林,craft_construction_landscaping.json,安山岩,minecraft:andesite
9,土建园林,craft_construction_landscaping.json,安山岩台阶,minecraft:andesite_slab
10,土建园林,craft_construction_landscaping.json,安山岩楼梯,minecraft:andesite_stairs
11,土建园林,craft_construction_landscaping.json,安山岩墙,minecraft:andesite_wall
12,土建园林,craft_construction_landscaping.json,竹块,minecraft:bamboo_block
13,土建园林,craft_construction_landscaping.json,竹栅栏,minecraft:bamboo_fence
14,土建园林,craft_construction_landscaping.json,悬挂式竹告示牌,minecraft:bamboo_hanging_sign
15,土建园林,craft_construction_landscaping.json,竹马赛克,minecraft:bamboo_mosaic
16,土建园林,craft_construction_landscaping.json,竹马赛克台阶,minecraft:bamboo_mosaic_slab
17,土建园林,craft_construction_landscaping.json,竹马赛克楼梯,minecraft:bamboo_mosaic_stairs
18,土建园林,craft_construction_landscaping.json,竹板,minecraft:bamboo_planks
19,土建园林,craft_construction_landscaping.json,竹告示牌,minecraft:bamboo_sign
20,土建园林,craft_construction_landscaping.json,竹台阶,minecraft:bamboo_slab
21,土建园林,craft_construction_landscaping.json,竹楼梯,minecraft:bamboo_stairs
22,土建园林,craft_construction_landscaping.json,白桦木栅栏,minecraft:birch_fence
23,土建园林,craft_construction_landscaping.json,悬挂式白桦木告示牌,minecraft:birch_hanging_sign
24,土建园林,craft_construction_landscaping.json,白桦木板,minecraft:birch_planks
25,土建园林,craft_construction_landscaping.json,白桦木告示牌,minecraft:birch_sign
26,土建园林,craft_construction_landscaping.json,白桦木台阶,minecraft:birch_slab
27,土建园林,craft_construction_landscaping.json,白桦木楼梯,minecraft:birch_stairs
28,土建园林,craft_construction_landscaping.json,白桦木,minecraft:birch_wood
29,土建园林,craft_construction_landscaping.json,黑色地毯,minecraft:black_carpet
30,土建园林,craft_construction_landscaping.json,黑色混凝土粉末,minecraft:black_concrete_powder
31,土建园林,craft_construction_landscaping.json,黑色混凝土台阶,minecraft:black_concrete_slab
32,土建园林,craft_construction_landscaping.json,黑色混凝土楼梯,minecraft:black_concrete_stairs
33,土建园林,craft_construction_landscaping.json,黑色染色玻璃,minecraft:black_stained_glass
34,土建园林,craft_construction_landscaping.json,黑色染色玻璃板,minecraft:black_stained_glass_pane
35,土建园林,craft_construction_landscaping.json,黑色陶瓦,minecraft:black_terracotta
36,土建园林,craft_construction_landscaping.json,黑色羊毛,minecraft:black_wool
37,土建园林,craft_construction_landscaping.json,黑色羊毛台阶,minecraft:black_wool_slab
38,土建园林,craft_construction_landscaping.json,黑色羊毛楼梯,minecraft:black_wool_stairs
39,土建园林,craft_construction_landscaping.json,黑石台阶,minecraft:blackstone_slab
40,土建园林,craft_construction_landscaping.json,黑石楼梯,minecraft:blackstone_stairs
41,土建园林,craft_construction_landscaping.json,黑石墙,minecraft:blackstone_wall
42,土建园林,craft_construction_landscaping.json,蓝色地毯,minecraft:blue_carpet
43,土建园林,craft_construction_landscaping.json,蓝色混凝土粉末,minecraft:blue_concrete_powder
44,土建园林,craft_construction_landscaping.json,蓝色混凝土台阶,minecraft:blue_concrete_slab
45,土建园林,craft_construction_landscaping.json,蓝色混凝土楼梯,minecraft:blue_concrete_stairs
46,土建园林,craft_construction_landscaping.json,蓝冰,minecraft:blue_ice
47,土建园林,craft_construction_landscaping.json,蓝色染色玻璃,minecraft:blue_stained_glass
48,土建园林,craft_construction_landscaping.json,蓝色染色玻璃板,minecraft:blue_stained_glass_pane
49,土建园林,craft_construction_landscaping.json,蓝色陶瓦,minecraft:blue_terracotta
50,土建园林,craft_construction_landscaping.json,蓝色羊毛,minecraft:blue_wool
51,土建园林,craft_construction_landscaping.json,蓝色羊毛台阶,minecraft:blue_wool_slab
52,土建园林,craft_construction_landscaping.json,蓝色羊毛楼梯,minecraft:blue_wool_stairs
53,土建园林,craft_construction_landscaping.json,红砖台阶,minecraft:brick_slab
54,土建园林,craft_construction_landscaping.json,红砖楼梯,minecraft:brick_stairs
55,土建园林,craft_construction_landscaping.json,红砖墙,minecraft:brick_wall
56,土建园林,craft_construction_landscaping.json,红砖块,minecraft:bricks
57,土建园林,craft_construction_landscaping.json,棕色地毯,minecraft:brown_carpet
58,土建园林,craft_construction_landscaping.json,棕色混凝土粉末,minecraft:brown_concrete_powder
59,土建园林,craft_construction_landscaping.json,棕色混凝土台阶,minecraft:brown_concrete_slab
60,土建园林,craft_construction_landscaping.json,棕色混凝土楼梯,minecraft:brown_concrete_stairs
61,土建园林,craft_construction_landscaping.json,棕色染色玻璃,minecraft:brown_stained_glass
62,土建园林,craft_construction_landscaping.json,棕色染色玻璃板,minecraft:brown_stained_glass_pane
63,土建园林,craft_construction_landscaping.json,棕色陶瓦,minecraft:brown_terracotta
64,土建园林,craft_construction_landscaping.json,棕色羊毛,minecraft:brown_wool
65,土建园林,craft_construction_landscaping.json,棕色羊毛台阶,minecraft:brown_wool_slab
66,土建园林,craft_construction_landscaping.json,棕色羊毛楼梯,minecraft:brown_wool_stairs
67,土建园林,craft_construction_landscaping.json,樱花木栅栏,minecraft:cherry_fence
68,土建园林,craft_construction_landscaping.json,悬挂式樱花木告示牌,minecraft:cherry_hanging_sign
69,土建园林,craft_construction_landscaping.json,樱花木板,minecraft:cherry_planks
70,土建园林,craft_construction_landscaping.json,樱花木告示牌,minecraft:cherry_sign
71,土建园林,craft_construction_landscaping.json,樱花木台阶,minecraft:cherry_slab
72,土建园林,craft_construction_landscaping.json,樱花木楼梯,minecraft:cherry_stairs
73,土建园林,craft_construction_landscaping.json,樱花木,minecraft:cherry_wood
74,土建园林,craft_construction_landscaping.json,雕纹朱砂,minecraft:chiseled_cinnabar
75,土建园林,craft_construction_landscaping.json,雕纹铜块,minecraft:chiseled_copper
76,土建园林,craft_construction_landscaping.json,雕纹深板岩,minecraft:chiseled_deepslate
77,土建园林,craft_construction_landscaping.json,雕纹下界砖块,minecraft:chiseled_nether_bricks
78,土建园林,craft_construction_landscaping.json,雕纹磨制黑石,minecraft:chiseled_polished_blackstone
79,土建园林,craft_construction_landscaping.json,雕纹石英块,minecraft:chiseled_quartz_block
80,土建园林,craft_construction_landscaping.json,雕纹红砂岩,minecraft:chiseled_red_sandstone
81,土建园林,craft_construction_landscaping.json,雕纹树脂砖块,minecraft:chiseled_resin_bricks
82,土建园林,craft_construction_landscaping.json,雕纹砂岩,minecraft:chiseled_sandstone
83,土建园林,craft_construction_landscaping.json,雕纹石砖,minecraft:chiseled_stone_bricks
84,土建园林,craft_construction_landscaping.json,雕纹硫黄,minecraft:chiseled_sulfur
85,土建园林,craft_construction_landscaping.json,雕纹凝灰岩,minecraft:chiseled_tuff
86,土建园林,craft_construction_landscaping.json,雕纹凝灰岩砖,minecraft:chiseled_tuff_bricks
87,土建园林,craft_construction_landscaping.json,朱砂砖台阶,minecraft:cinnabar_brick_slab
88,土建园林,craft_construction_landscaping.json,朱砂砖楼梯,minecraft:cinnabar_brick_stairs
89,土建园林,craft_construction_landscaping.json,朱砂砖墙,minecraft:cinnabar_brick_wall
90,土建园林,craft_construction_landscaping.json,朱砂砖,minecraft:cinnabar_bricks
91,土建园林,craft_construction_landscaping.json,朱砂台阶,minecraft:cinnabar_slab
92,土建园林,craft_construction_landscaping.json,朱砂楼梯,minecraft:cinnabar_stairs
93,土建园林,craft_construction_landscaping.json,朱砂墙,minecraft:cinnabar_wall
94,土建园林,craft_construction_landscaping.json,黏土,minecraft:clay
95,土建园林,craft_construction_landscaping.json,砂土,minecraft:coarse_dirt
96,土建园林,craft_construction_landscaping.json,深板岩圆石台阶,minecraft:cobbled_deepslate_slab
97,土建园林,craft_construction_landscaping.json,深板岩圆石楼梯,minecraft:cobbled_deepslate_stairs
98,土建园林,craft_construction_landscaping.json,深板岩圆石墙,minecraft:cobbled_deepslate_wall
99,土建园林,craft_construction_landscaping.json,圆石台阶,minecraft:cobblestone_slab
100,土建园林,craft_construction_landscaping.json,圆石楼梯,minecraft:cobblestone_stairs
101,土建园林,craft_construction_landscaping.json,圆石墙,minecraft:cobblestone_wall
102,土建园林,craft_construction_landscaping.json,铜栏杆,minecraft:copper_bars
103,土建园林,craft_construction_landscaping.json,铜链,minecraft:copper_chain
104,土建园林,craft_construction_landscaping.json,铜格栅,minecraft:copper_grate
105,土建园林,craft_construction_landscaping.json,绯红木栅栏,minecraft:crimson_fence
106,土建园林,craft_construction_landscaping.json,悬挂式绯红木告示牌,minecraft:crimson_hanging_sign
107,土建园林,craft_construction_landscaping.json,绯红菌核,minecraft:crimson_hyphae
108,土建园林,craft_construction_landscaping.json,绯红木板,minecraft:crimson_planks
109,土建园林,craft_construction_landscaping.json,绯红木告示牌,minecraft:crimson_sign
110,土建园林,craft_construction_landscaping.json,绯红木台阶,minecraft:crimson_slab
111,土建园林,craft_construction_landscaping.json,绯红木楼梯,minecraft:crimson_stairs
112,土建园林,craft_construction_landscaping.json,切制铜块,minecraft:cut_copper
113,土建园林,craft_construction_landscaping.json,切制铜台阶,minecraft:cut_copper_slab
114,土建园林,craft_construction_landscaping.json,切制铜楼梯,minecraft:cut_copper_stairs
115,土建园林,craft_construction_landscaping.json,切制红砂岩,minecraft:cut_red_sandstone
116,土建园林,craft_construction_landscaping.json,切制红砂岩台阶,minecraft:cut_red_sandstone_slab
117,土建园林,craft_construction_landscaping.json,切制砂岩,minecraft:cut_sandstone
118,土建园林,craft_construction_landscaping.json,切制砂岩台阶,minecraft:cut_sandstone_slab
119,土建园林,craft_construction_landscaping.json,青色地毯,minecraft:cyan_carpet
120,土建园林,craft_construction_landscaping.json,青色混凝土粉末,minecraft:cyan_concrete_powder
121,土建园林,craft_construction_landscaping.json,青色混凝土台阶,minecraft:cyan_concrete_slab
122,土建园林,craft_construction_landscaping.json,青色混凝土楼梯,minecraft:cyan_concrete_stairs
123,土建园林,craft_construction_landscaping.json,青色染色玻璃,minecraft:cyan_stained_glass
124,土建园林,craft_construction_landscaping.json,青色染色玻璃板,minecraft:cyan_stained_glass_pane
125,土建园林,craft_construction_landscaping.json,青色陶瓦,minecraft:cyan_terracotta
126,土建园林,craft_construction_landscaping.json,青色羊毛,minecraft:cyan_wool
127,土建园林,craft_construction_landscaping.json,青色羊毛台阶,minecraft:cyan_wool_slab
128,土建园林,craft_construction_landscaping.json,青色羊毛楼梯,minecraft:cyan_wool_stairs
129,土建园林,craft_construction_landscaping.json,深色橡木栅栏,minecraft:dark_oak_fence
130,土建园林,craft_construction_landscaping.json,悬挂式深色橡木告示牌,minecraft:dark_oak_hanging_sign
131,土建园林,craft_construction_landscaping.json,深色橡木木板,minecraft:dark_oak_planks
132,土建园林,craft_construction_landscaping.json,深色橡木告示牌,minecraft:dark_oak_sign
133,土建园林,craft_construction_landscaping.json,深色橡木台阶,minecraft:dark_oak_slab
134,土建园林,craft_construction_landscaping.json,深色橡木楼梯,minecraft:dark_oak_stairs
135,土建园林,craft_construction_landscaping.json,深色橡木,minecraft:dark_oak_wood
136,土建园林,craft_construction_landscaping.json,暗海晶石,minecraft:dark_prismarine
137,土建园林,craft_construction_landscaping.json,暗海晶石台阶,minecraft:dark_prismarine_slab
138,土建园林,craft_construction_landscaping.json,暗海晶石楼梯,minecraft:dark_prismarine_stairs
139,土建园林,craft_construction_landscaping.json,深板岩砖台阶,minecraft:deepslate_brick_slab
140,土建园林,craft_construction_landscaping.json,深板岩砖楼梯,minecraft:deepslate_brick_stairs
141,土建园林,craft_construction_landscaping.json,深板岩砖墙,minecraft:deepslate_brick_wall
142,土建园林,craft_construction_landscaping.json,深板岩砖,minecraft:deepslate_bricks
143,土建园林,craft_construction_landscaping.json,深板岩瓦台阶,minecraft:deepslate_tile_slab
144,土建园林,craft_construction_landscaping.json,深板岩瓦楼梯,minecraft:deepslate_tile_stairs
145,土建园林,craft_construction_landscaping.json,深板岩瓦墙,minecraft:deepslate_tile_wall
146,土建园林,craft_construction_landscaping.json,深板岩瓦,minecraft:deepslate_tiles
147,土建园林,craft_construction_landscaping.json,闪长岩,minecraft:diorite
148,土建园林,craft_construction_landscaping.json,闪长岩台阶,minecraft:diorite_slab
149,土建园林,craft_construction_landscaping.json,闪长岩楼梯,minecraft:diorite_stairs
150,土建园林,craft_construction_landscaping.json,闪长岩墙,minecraft:diorite_wall
151,土建园林,craft_construction_landscaping.json,失水恶魂,minecraft:dried_ghast
152,土建园林,craft_construction_landscaping.json,滴水石块,minecraft:dripstone_block
153,土建园林,craft_construction_landscaping.json,末地石砖台阶,minecraft:end_stone_brick_slab
154,土建园林,craft_construction_landscaping.json,末地石砖楼梯,minecraft:end_stone_brick_stairs
155,土建园林,craft_construction_landscaping.json,末地石砖墙,minecraft:end_stone_brick_wall
156,土建园林,craft_construction_landscaping.json,末地石砖,minecraft:end_stone_bricks
157,土建园林,craft_construction_landscaping.json,斑驳的雕纹铜块,minecraft:exposed_chiseled_copper
158,土建园林,craft_construction_landscaping.json,斑驳的铜格栅,minecraft:exposed_copper_grate
159,土建园林,craft_construction_landscaping.json,斑驳的切制铜块,minecraft:exposed_cut_copper
160,土建园林,craft_construction_landscaping.json,斑驳的切制铜台阶,minecraft:exposed_cut_copper_slab
161,土建园林,craft_construction_landscaping.json,斑驳的切制铜楼梯,minecraft:exposed_cut_copper_stairs
162,土建园林,craft_construction_landscaping.json,玻璃板,minecraft:glass_pane
163,土建园林,craft_construction_landscaping.json,荧石,minecraft:glowstone
164,土建园林,craft_construction_landscaping.json,金蒲公英,minecraft:golden_dandelion
165,土建园林,craft_construction_landscaping.json,花岗岩,minecraft:granite
166,土建园林,craft_construction_landscaping.json,花岗岩台阶,minecraft:granite_slab
167,土建园林,craft_construction_landscaping.json,花岗岩楼梯,minecraft:granite_stairs
168,土建园林,craft_construction_landscaping.json,花岗岩墙,minecraft:granite_wall
169,土建园林,craft_construction_landscaping.json,灰色地毯,minecraft:gray_carpet
170,土建园林,craft_construction_landscaping.json,灰色混凝土粉末,minecraft:gray_concrete_powder
171,土建园林,craft_construction_landscaping.json,灰色混凝土台阶,minecraft:gray_concrete_slab
172,土建园林,craft_construction_landscaping.json,灰色混凝土楼梯,minecraft:gray_concrete_stairs
173,土建园林,craft_construction_landscaping.json,灰色染色玻璃,minecraft:gray_stained_glass
174,土建园林,craft_construction_landscaping.json,灰色染色玻璃板,minecraft:gray_stained_glass_pane
175,土建园林,craft_construction_landscaping.json,灰色陶瓦,minecraft:gray_terracotta
176,土建园林,craft_construction_landscaping.json,灰色羊毛,minecraft:gray_wool
177,土建园林,craft_construction_landscaping.json,灰色羊毛台阶,minecraft:gray_wool_slab
178,土建园林,craft_construction_landscaping.json,灰色羊毛楼梯,minecraft:gray_wool_stairs
179,土建园林,craft_construction_landscaping.json,绿色地毯,minecraft:green_carpet
180,土建园林,craft_construction_landscaping.json,绿色混凝土粉末,minecraft:green_concrete_powder
181,土建园林,craft_construction_landscaping.json,绿色混凝土台阶,minecraft:green_concrete_slab
182,土建园林,craft_construction_landscaping.json,绿色混凝土楼梯,minecraft:green_concrete_stairs
183,土建园林,craft_construction_landscaping.json,绿色染色玻璃,minecraft:green_stained_glass
184,土建园林,craft_construction_landscaping.json,绿色染色玻璃板,minecraft:green_stained_glass_pane
185,土建园林,craft_construction_landscaping.json,绿色陶瓦,minecraft:green_terracotta
186,土建园林,craft_construction_landscaping.json,绿色羊毛,minecraft:green_wool
187,土建园林,craft_construction_landscaping.json,绿色羊毛台阶,minecraft:green_wool_slab
188,土建园林,craft_construction_landscaping.json,绿色羊毛楼梯,minecraft:green_wool_stairs
189,土建园林,craft_construction_landscaping.json,铁栏杆,minecraft:iron_bars
190,土建园林,craft_construction_landscaping.json,铁链,minecraft:iron_chain
191,土建园林,craft_construction_landscaping.json,丛林木栅栏,minecraft:jungle_fence
192,土建园林,craft_construction_landscaping.json,悬挂式丛林木告示牌,minecraft:jungle_hanging_sign
193,土建园林,craft_construction_landscaping.json,丛林木板,minecraft:jungle_planks
194,土建园林,craft_construction_landscaping.json,丛林木告示牌,minecraft:jungle_sign
195,土建园林,craft_construction_landscaping.json,丛林木台阶,minecraft:jungle_slab
196,土建园林,craft_construction_landscaping.json,丛林木楼梯,minecraft:jungle_stairs
197,土建园林,craft_construction_landscaping.json,丛林木,minecraft:jungle_wood
198,土建园林,craft_construction_landscaping.json,梯子,minecraft:ladder
199,土建园林,craft_construction_landscaping.json,淡蓝色地毯,minecraft:light_blue_carpet
200,土建园林,craft_construction_landscaping.json,淡蓝色混凝土粉末,minecraft:light_blue_concrete_powder
201,土建园林,craft_construction_landscaping.json,淡蓝色混凝土台阶,minecraft:light_blue_concrete_slab
202,土建园林,craft_construction_landscaping.json,淡蓝色混凝土楼梯,minecraft:light_blue_concrete_stairs
203,土建园林,craft_construction_landscaping.json,淡蓝色染色玻璃,minecraft:light_blue_stained_glass
204,土建园林,craft_construction_landscaping.json,淡蓝色染色玻璃板,minecraft:light_blue_stained_glass_pane
205,土建园林,craft_construction_landscaping.json,淡蓝色陶瓦,minecraft:light_blue_terracotta
206,土建园林,craft_construction_landscaping.json,淡蓝色羊毛,minecraft:light_blue_wool
207,土建园林,craft_construction_landscaping.json,淡蓝色羊毛台阶,minecraft:light_blue_wool_slab
208,土建园林,craft_construction_landscaping.json,淡蓝色羊毛楼梯,minecraft:light_blue_wool_stairs
209,土建园林,craft_construction_landscaping.json,淡灰色地毯,minecraft:light_gray_carpet
210,土建园林,craft_construction_landscaping.json,淡灰色混凝土粉末,minecraft:light_gray_concrete_powder
211,土建园林,craft_construction_landscaping.json,淡灰色混凝土台阶,minecraft:light_gray_concrete_slab
212,土建园林,craft_construction_landscaping.json,淡灰色混凝土楼梯,minecraft:light_gray_concrete_stairs
213,土建园林,craft_construction_landscaping.json,淡灰色染色玻璃,minecraft:light_gray_stained_glass
214,土建园林,craft_construction_landscaping.json,淡灰色染色玻璃板,minecraft:light_gray_stained_glass_pane
215,土建园林,craft_construction_landscaping.json,淡灰色陶瓦,minecraft:light_gray_terracotta
216,土建园林,craft_construction_landscaping.json,淡灰色羊毛,minecraft:light_gray_wool
217,土建园林,craft_construction_landscaping.json,淡灰色羊毛台阶,minecraft:light_gray_wool_slab
218,土建园林,craft_construction_landscaping.json,淡灰色羊毛楼梯,minecraft:light_gray_wool_stairs
219,土建园林,craft_construction_landscaping.json,黄绿色地毯,minecraft:lime_carpet
220,土建园林,craft_construction_landscaping.json,黄绿色混凝土粉末,minecraft:lime_concrete_powder
221,土建园林,craft_construction_landscaping.json,黄绿色混凝土台阶,minecraft:lime_concrete_slab
222,土建园林,craft_construction_landscaping.json,黄绿色混凝土楼梯,minecraft:lime_concrete_stairs
223,土建园林,craft_construction_landscaping.json,黄绿色染色玻璃,minecraft:lime_stained_glass
224,土建园林,craft_construction_landscaping.json,黄绿色染色玻璃板,minecraft:lime_stained_glass_pane
225,土建园林,craft_construction_landscaping.json,黄绿色陶瓦,minecraft:lime_terracotta
226,土建园林,craft_construction_landscaping.json,黄绿色羊毛,minecraft:lime_wool
227,土建园林,craft_construction_landscaping.json,黄绿色羊毛台阶,minecraft:lime_wool_slab
228,土建园林,craft_construction_landscaping.json,黄绿色羊毛楼梯,minecraft:lime_wool_stairs
229,土建园林,craft_construction_landscaping.json,品红色地毯,minecraft:magenta_carpet
230,土建园林,craft_construction_landscaping.json,品红色混凝土粉末,minecraft:magenta_concrete_powder
231,土建园林,craft_construction_landscaping.json,品红色混凝土台阶,minecraft:magenta_concrete_slab
232,土建园林,craft_construction_landscaping.json,品红色混凝土楼梯,minecraft:magenta_concrete_stairs
233,土建园林,craft_construction_landscaping.json,品红色染色玻璃,minecraft:magenta_stained_glass
234,土建园林,craft_construction_landscaping.json,品红色染色玻璃板,minecraft:magenta_stained_glass_pane
235,土建园林,craft_construction_landscaping.json,品红色陶瓦,minecraft:magenta_terracotta
236,土建园林,craft_construction_landscaping.json,品红色羊毛,minecraft:magenta_wool
237,土建园林,craft_construction_landscaping.json,品红色羊毛台阶,minecraft:magenta_wool_slab
238,土建园林,craft_construction_landscaping.json,品红色羊毛楼梯,minecraft:magenta_wool_stairs
239,土建园林,craft_construction_landscaping.json,岩浆块,minecraft:magma_block
240,土建园林,craft_construction_landscaping.json,红树木栅栏,minecraft:mangrove_fence
241,土建园林,craft_construction_landscaping.json,悬挂式红树木告示牌,minecraft:mangrove_hanging_sign
242,土建园林,craft_construction_landscaping.json,红树木板,minecraft:mangrove_planks
243,土建园林,craft_construction_landscaping.json,红树木告示牌,minecraft:mangrove_sign
244,土建园林,craft_construction_landscaping.json,红树木台阶,minecraft:mangrove_slab
245,土建园林,craft_construction_landscaping.json,红树木楼梯,minecraft:mangrove_stairs
246,土建园林,craft_construction_landscaping.json,红树木,minecraft:mangrove_wood
247,土建园林,craft_construction_landscaping.json,西瓜,minecraft:melon
248,土建园林,craft_construction_landscaping.json,覆地苔藓,minecraft:moss_carpet
249,土建园林,craft_construction_landscaping.json,苔石,minecraft:mossy_cobblestone
250,土建园林,craft_construction_landscaping.json,苔石台阶,minecraft:mossy_cobblestone_slab
251,土建园林,craft_construction_landscaping.json,苔石楼梯,minecraft:mossy_cobblestone_stairs
252,土建园林,craft_construction_landscaping.json,苔石墙,minecraft:mossy_cobblestone_wall
253,土建园林,craft_construction_landscaping.json,苔石砖台阶,minecraft:mossy_stone_brick_slab
254,土建园林,craft_construction_landscaping.json,苔石砖楼梯,minecraft:mossy_stone_brick_stairs
255,土建园林,craft_construction_landscaping.json,苔石砖墙,minecraft:mossy_stone_brick_wall
256,土建园林,craft_construction_landscaping.json,苔石砖,minecraft:mossy_stone_bricks
257,土建园林,craft_construction_landscaping.json,泥砖台阶,minecraft:mud_brick_slab
258,土建园林,craft_construction_landscaping.json,泥砖楼梯,minecraft:mud_brick_stairs
259,土建园林,craft_construction_landscaping.json,泥砖墙,minecraft:mud_brick_wall
260,土建园林,craft_construction_landscaping.json,泥砖,minecraft:mud_bricks
261,土建园林,craft_construction_landscaping.json,沾泥的红树根,minecraft:muddy_mangrove_roots
262,土建园林,craft_construction_landscaping.json,下界砖栅栏,minecraft:nether_brick_fence
263,土建园林,craft_construction_landscaping.json,下界砖台阶,minecraft:nether_brick_slab
264,土建园林,craft_construction_landscaping.json,下界砖楼梯,minecraft:nether_brick_stairs
265,土建园林,craft_construction_landscaping.json,下界砖墙,minecraft:nether_brick_wall
266,土建园林,craft_construction_landscaping.json,下界砖块,minecraft:nether_bricks
267,土建园林,craft_construction_landscaping.json,下界疣块,minecraft:nether_wart_block
268,土建园林,craft_construction_landscaping.json,橡木栅栏,minecraft:oak_fence
269,土建园林,craft_construction_landscaping.json,悬挂式橡木告示牌,minecraft:oak_hanging_sign
270,土建园林,craft_construction_landscaping.json,橡木木板,minecraft:oak_planks
271,土建园林,craft_construction_landscaping.json,橡木告示牌,minecraft:oak_sign
272,土建园林,craft_construction_landscaping.json,橡木台阶,minecraft:oak_slab
273,土建园林,craft_construction_landscaping.json,橡木楼梯,minecraft:oak_stairs
274,土建园林,craft_construction_landscaping.json,橡木,minecraft:oak_wood
275,土建园林,craft_construction_landscaping.json,橙色地毯,minecraft:orange_carpet
276,土建园林,craft_construction_landscaping.json,橙色混凝土粉末,minecraft:orange_concrete_powder
277,土建园林,craft_construction_landscaping.json,橙色混凝土台阶,minecraft:orange_concrete_slab
278,土建园林,craft_construction_landscaping.json,橙色混凝土楼梯,minecraft:orange_concrete_stairs
279,土建园林,craft_construction_landscaping.json,橙色染色玻璃,minecraft:orange_stained_glass
280,土建园林,craft_construction_landscaping.json,橙色染色玻璃板,minecraft:orange_stained_glass_pane
281,土建园林,craft_construction_landscaping.json,橙色陶瓦,minecraft:orange_terracotta
282,土建园林,craft_construction_landscaping.json,橙色羊毛,minecraft:orange_wool
283,土建园林,craft_construction_landscaping.json,橙色羊毛台阶,minecraft:orange_wool_slab
284,土建园林,craft_construction_landscaping.json,橙色羊毛楼梯,minecraft:orange_wool_stairs
285,土建园林,craft_construction_landscaping.json,氧化的雕纹铜块,minecraft:oxidized_chiseled_copper
286,土建园林,craft_construction_landscaping.json,氧化的铜格栅,minecraft:oxidized_copper_grate
287,土建园林,craft_construction_landscaping.json,氧化的切制铜块,minecraft:oxidized_cut_copper
288,土建园林,craft_construction_landscaping.json,氧化的切制铜台阶,minecraft:oxidized_cut_copper_slab
289,土建园林,craft_construction_landscaping.json,氧化的切制铜楼梯,minecraft:oxidized_cut_copper_stairs
290,土建园林,craft_construction_landscaping.json,浮冰,minecraft:packed_ice
291,土建园林,craft_construction_landscaping.json,泥坯,minecraft:packed_mud
292,土建园林,craft_construction_landscaping.json,苍白覆地苔藓,minecraft:pale_moss_carpet
293,土建园林,craft_construction_landscaping.json,苍白橡木栅栏,minecraft:pale_oak_fence
294,土建园林,craft_construction_landscaping.json,悬挂式苍白橡木告示牌,minecraft:pale_oak_hanging_sign
295,土建园林,craft_construction_landscaping.json,苍白橡木木板,minecraft:pale_oak_planks
296,土建园林,craft_construction_landscaping.json,苍白橡木告示牌,minecraft:pale_oak_sign
297,土建园林,craft_construction_landscaping.json,苍白橡木台阶,minecraft:pale_oak_slab
298,土建园林,craft_construction_landscaping.json,苍白橡木楼梯,minecraft:pale_oak_stairs
299,土建园林,craft_construction_landscaping.json,苍白橡木,minecraft:pale_oak_wood
300,土建园林,craft_construction_landscaping.json,粉红色地毯,minecraft:pink_carpet
301,土建园林,craft_construction_landscaping.json,粉红色混凝土粉末,minecraft:pink_concrete_powder
302,土建园林,craft_construction_landscaping.json,粉红色混凝土台阶,minecraft:pink_concrete_slab
303,土建园林,craft_construction_landscaping.json,粉红色混凝土楼梯,minecraft:pink_concrete_stairs
304,土建园林,craft_construction_landscaping.json,粉红色染色玻璃,minecraft:pink_stained_glass
305,土建园林,craft_construction_landscaping.json,粉红色染色玻璃板,minecraft:pink_stained_glass_pane
306,土建园林,craft_construction_landscaping.json,粉红色陶瓦,minecraft:pink_terracotta
307,土建园林,craft_construction_landscaping.json,粉红色羊毛,minecraft:pink_wool
308,土建园林,craft_construction_landscaping.json,粉红色羊毛台阶,minecraft:pink_wool_slab
309,土建园林,craft_construction_landscaping.json,粉红色羊毛楼梯,minecraft:pink_wool_stairs
310,土建园林,craft_construction_landscaping.json,磨制安山岩,minecraft:polished_andesite
311,土建园林,craft_construction_landscaping.json,磨制安山岩台阶,minecraft:polished_andesite_slab
312,土建园林,craft_construction_landscaping.json,磨制安山岩楼梯,minecraft:polished_andesite_stairs
313,土建园林,craft_construction_landscaping.json,磨制玄武岩,minecraft:polished_basalt
314,土建园林,craft_construction_landscaping.json,磨制黑石,minecraft:polished_blackstone
315,土建园林,craft_construction_landscaping.json,磨制黑石砖台阶,minecraft:polished_blackstone_brick_slab
316,土建园林,craft_construction_landscaping.json,磨制黑石砖楼梯,minecraft:polished_blackstone_brick_stairs
317,土建园林,craft_construction_landscaping.json,磨制黑石砖墙,minecraft:polished_blackstone_brick_wall
318,土建园林,craft_construction_landscaping.json,磨制黑石砖,minecraft:polished_blackstone_bricks
319,土建园林,craft_construction_landscaping.json,磨制黑石台阶,minecraft:polished_blackstone_slab
320,土建园林,craft_construction_landscaping.json,磨制黑石楼梯,minecraft:polished_blackstone_stairs
321,土建园林,craft_construction_landscaping.json,磨制黑石墙,minecraft:polished_blackstone_wall
322,土建园林,craft_construction_landscaping.json,磨制朱砂,minecraft:polished_cinnabar
323,土建园林,craft_construction_landscaping.json,磨制朱砂台阶,minecraft:polished_cinnabar_slab
324,土建园林,craft_construction_landscaping.json,磨制朱砂楼梯,minecraft:polished_cinnabar_stairs
325,土建园林,craft_construction_landscaping.json,磨制朱砂墙,minecraft:polished_cinnabar_wall
326,土建园林,craft_construction_landscaping.json,磨制深板岩,minecraft:polished_deepslate
327,土建园林,craft_construction_landscaping.json,磨制深板岩台阶,minecraft:polished_deepslate_slab
328,土建园林,craft_construction_landscaping.json,磨制深板岩楼梯,minecraft:polished_deepslate_stairs
329,土建园林,craft_construction_landscaping.json,磨制深板岩墙,minecraft:polished_deepslate_wall
330,土建园林,craft_construction_landscaping.json,磨制闪长岩,minecraft:polished_diorite
331,土建园林,craft_construction_landscaping.json,磨制闪长岩台阶,minecraft:polished_diorite_slab
332,土建园林,craft_construction_landscaping.json,磨制闪长岩楼梯,minecraft:polished_diorite_stairs
333,土建园林,craft_construction_landscaping.json,磨制花岗岩,minecraft:polished_granite
334,土建园林,craft_construction_landscaping.json,磨制花岗岩台阶,minecraft:polished_granite_slab
335,土建园林,craft_construction_landscaping.json,磨制花岗岩楼梯,minecraft:polished_granite_stairs
336,土建园林,craft_construction_landscaping.json,磨制硫黄,minecraft:polished_sulfur
337,土建园林,craft_construction_landscaping.json,磨制硫黄台阶,minecraft:polished_sulfur_slab
338,土建园林,craft_construction_landscaping.json,磨制硫黄楼梯,minecraft:polished_sulfur_stairs
339,土建园林,craft_construction_landscaping.json,磨制硫黄墙,minecraft:polished_sulfur_wall
340,土建园林,craft_construction_landscaping.json,磨制凝灰岩,minecraft:polished_tuff
341,土建园林,craft_construction_landscaping.json,磨制凝灰岩台阶,minecraft:polished_tuff_slab
342,土建园林,craft_construction_landscaping.json,磨制凝灰岩楼梯,minecraft:polished_tuff_stairs
343,土建园林,craft_construction_landscaping.json,磨制凝灰岩墙,minecraft:polished_tuff_wall
344,土建园林,craft_construction_landscaping.json,杨木栅栏,minecraft:poplar_fence
345,土建园林,craft_construction_landscaping.json,悬挂式杨木告示牌,minecraft:poplar_hanging_sign
346,土建园林,craft_construction_landscaping.json,杨木木板,minecraft:poplar_planks
347,土建园林,craft_construction_landscaping.json,杨木告示牌,minecraft:poplar_sign
348,土建园林,craft_construction_landscaping.json,杨木台阶,minecraft:poplar_slab
349,土建园林,craft_construction_landscaping.json,杨木楼梯,minecraft:poplar_stairs
350,土建园林,craft_construction_landscaping.json,杨木,minecraft:poplar_wood
351,土建园林,craft_construction_landscaping.json,烈性硫黄,minecraft:potent_sulfur
352,土建园林,craft_construction_landscaping.json,海晶石,minecraft:prismarine
353,土建园林,craft_construction_landscaping.json,海晶石砖台阶,minecraft:prismarine_brick_slab
354,土建园林,craft_construction_landscaping.json,海晶石砖楼梯,minecraft:prismarine_brick_stairs
355,土建园林,craft_construction_landscaping.json,海晶石砖,minecraft:prismarine_bricks
356,土建园林,craft_construction_landscaping.json,海晶石台阶,minecraft:prismarine_slab
357,土建园林,craft_construction_landscaping.json,海晶石楼梯,minecraft:prismarine_stairs
358,土建园林,craft_construction_landscaping.json,海晶石墙,minecraft:prismarine_wall
359,土建园林,craft_construction_landscaping.json,紫色地毯,minecraft:purple_carpet
360,土建园林,craft_construction_landscaping.json,紫色混凝土粉末,minecraft:purple_concrete_powder
361,土建园林,craft_construction_landscaping.json,紫色混凝土台阶,minecraft:purple_concrete_slab
362,土建园林,craft_construction_landscaping.json,紫色混凝土楼梯,minecraft:purple_concrete_stairs
363,土建园林,craft_construction_landscaping.json,紫色染色玻璃,minecraft:purple_stained_glass
364,土建园林,craft_construction_landscaping.json,紫色染色玻璃板,minecraft:purple_stained_glass_pane
365,土建园林,craft_construction_landscaping.json,紫色陶瓦,minecraft:purple_terracotta
366,土建园林,craft_construction_landscaping.json,紫色羊毛,minecraft:purple_wool
367,土建园林,craft_construction_landscaping.json,紫色羊毛台阶,minecraft:purple_wool_slab
368,土建园林,craft_construction_landscaping.json,紫色羊毛楼梯,minecraft:purple_wool_stairs
369,土建园林,craft_construction_landscaping.json,紫珀块,minecraft:purpur_block
370,土建园林,craft_construction_landscaping.json,紫珀柱,minecraft:purpur_pillar
371,土建园林,craft_construction_landscaping.json,紫珀台阶,minecraft:purpur_slab
372,土建园林,craft_construction_landscaping.json,紫珀楼梯,minecraft:purpur_stairs
373,土建园林,craft_construction_landscaping.json,石英块,minecraft:quartz_block
374,土建园林,craft_construction_landscaping.json,石英砖,minecraft:quartz_bricks
375,土建园林,craft_construction_landscaping.json,石英柱,minecraft:quartz_pillar
376,土建园林,craft_construction_landscaping.json,石英台阶,minecraft:quartz_slab
377,土建园林,craft_construction_landscaping.json,石英楼梯,minecraft:quartz_stairs
378,土建园林,craft_construction_landscaping.json,红色地毯,minecraft:red_carpet
379,土建园林,craft_construction_landscaping.json,红色混凝土粉末,minecraft:red_concrete_powder
380,土建园林,craft_construction_landscaping.json,红色混凝土台阶,minecraft:red_concrete_slab
381,土建园林,craft_construction_landscaping.json,红色混凝土楼梯,minecraft:red_concrete_stairs
382,土建园林,craft_construction_landscaping.json,红色下界砖台阶,minecraft:red_nether_brick_slab
383,土建园林,craft_construction_landscaping.json,红色下界砖楼梯,minecraft:red_nether_brick_stairs
384,土建园林,craft_construction_landscaping.json,红色下界砖墙,minecraft:red_nether_brick_wall
385,土建园林,craft_construction_landscaping.json,红色下界砖块,minecraft:red_nether_bricks
386,土建园林,craft_construction_landscaping.json,红砂岩,minecraft:red_sandstone
387,土建园林,craft_construction_landscaping.json,红砂岩台阶,minecraft:red_sandstone_slab
388,土建园林,craft_construction_landscaping.json,红砂岩楼梯,minecraft:red_sandstone_stairs
389,土建园林,craft_construction_landscaping.json,红砂岩墙,minecraft:red_sandstone_wall
390,土建园林,craft_construction_landscaping.json,红色染色玻璃,minecraft:red_stained_glass
391,土建园林,craft_construction_landscaping.json,红色染色玻璃板,minecraft:red_stained_glass_pane
392,土建园林,craft_construction_landscaping.json,红色陶瓦,minecraft:red_terracotta
393,土建园林,craft_construction_landscaping.json,红色羊毛,minecraft:red_wool
394,土建园林,craft_construction_landscaping.json,红色羊毛台阶,minecraft:red_wool_slab
395,土建园林,craft_construction_landscaping.json,红色羊毛楼梯,minecraft:red_wool_stairs
396,土建园林,craft_construction_landscaping.json,树脂砖台阶,minecraft:resin_brick_slab
397,土建园林,craft_construction_landscaping.json,树脂砖楼梯,minecraft:resin_brick_stairs
398,土建园林,craft_construction_landscaping.json,树脂砖墙,minecraft:resin_brick_wall
399,土建园林,craft_construction_landscaping.json,树脂砖块,minecraft:resin_bricks
400,土建园林,craft_construction_landscaping.json,砂岩,minecraft:sandstone
401,土建园林,craft_construction_landscaping.json,砂岩台阶,minecraft:sandstone_slab
402,土建园林,craft_construction_landscaping.json,砂岩楼梯,minecraft:sandstone_stairs
403,土建园林,craft_construction_landscaping.json,砂岩墙,minecraft:sandstone_wall
404,土建园林,craft_construction_landscaping.json,脚手架,minecraft:scaffolding
405,土建园林,craft_construction_landscaping.json,平滑石英台阶,minecraft:smooth_quartz_slab
406,土建园林,craft_construction_landscaping.json,平滑石英楼梯,minecraft:smooth_quartz_stairs
407,土建园林,craft_construction_landscaping.json,平滑红砂岩台阶,minecraft:smooth_red_sandstone_slab
408,土建园林,craft_construction_landscaping.json,平滑红砂岩楼梯,minecraft:smooth_red_sandstone_stairs
409,土建园林,craft_construction_landscaping.json,平滑砂岩台阶,minecraft:smooth_sandstone_slab
410,土建园林,craft_construction_landscaping.json,平滑砂岩楼梯,minecraft:smooth_sandstone_stairs
411,土建园林,craft_construction_landscaping.json,平滑石头台阶,minecraft:smooth_stone_slab
412,土建园林,craft_construction_landscaping.json,雪,minecraft:snow
413,土建园林,craft_construction_landscaping.json,雪块,minecraft:snow_block
414,土建园林,craft_construction_landscaping.json,云杉木栅栏,minecraft:spruce_fence
415,土建园林,craft_construction_landscaping.json,悬挂式云杉木告示牌,minecraft:spruce_hanging_sign
416,土建园林,craft_construction_landscaping.json,云杉木板,minecraft:spruce_planks
417,土建园林,craft_construction_landscaping.json,云杉木告示牌,minecraft:spruce_sign
418,土建园林,craft_construction_landscaping.json,云杉木台阶,minecraft:spruce_slab
419,土建园林,craft_construction_landscaping.json,云杉木楼梯,minecraft:spruce_stairs
420,土建园林,craft_construction_landscaping.json,云杉木,minecraft:spruce_wood
421,土建园林,craft_construction_landscaping.json,石砖台阶,minecraft:stone_brick_slab
422,土建园林,craft_construction_landscaping.json,石砖楼梯,minecraft:stone_brick_stairs
423,土建园林,craft_construction_landscaping.json,石砖墙,minecraft:stone_brick_wall
424,土建园林,craft_construction_landscaping.json,石砖,minecraft:stone_bricks
425,土建园林,craft_construction_landscaping.json,石头台阶,minecraft:stone_slab
426,土建园林,craft_construction_landscaping.json,石头楼梯,minecraft:stone_stairs
427,土建园林,craft_construction_landscaping.json,去皮金合欢木,minecraft:stripped_acacia_wood
428,土建园林,craft_construction_landscaping.json,去皮白桦木,minecraft:stripped_birch_wood
429,土建园林,craft_construction_landscaping.json,去皮樱花木,minecraft:stripped_cherry_wood
430,土建园林,craft_construction_landscaping.json,去皮绯红菌核,minecraft:stripped_crimson_hyphae
431,土建园林,craft_construction_landscaping.json,去皮深色橡木,minecraft:stripped_dark_oak_wood
432,土建园林,craft_construction_landscaping.json,去皮丛林木,minecraft:stripped_jungle_wood
433,土建园林,craft_construction_landscaping.json,去皮红树木,minecraft:stripped_mangrove_wood
434,土建园林,craft_construction_landscaping.json,去皮橡木,minecraft:stripped_oak_wood
435,土建园林,craft_construction_landscaping.json,去皮苍白橡木,minecraft:stripped_pale_oak_wood
436,土建园林,craft_construction_landscaping.json,去皮杨木,minecraft:stripped_poplar_wood
437,土建园林,craft_construction_landscaping.json,去皮云杉木,minecraft:stripped_spruce_wood
438,土建园林,craft_construction_landscaping.json,去皮诡异菌核,minecraft:stripped_warped_hyphae
439,土建园林,craft_construction_landscaping.json,硫黄,minecraft:sulfur
440,土建园林,craft_construction_landscaping.json,硫黄砖台阶,minecraft:sulfur_brick_slab
441,土建园林,craft_construction_landscaping.json,硫黄砖楼梯,minecraft:sulfur_brick_stairs
442,土建园林,craft_construction_landscaping.json,硫黄砖墙,minecraft:sulfur_brick_wall
443,土建园林,craft_construction_landscaping.json,硫黄砖,minecraft:sulfur_bricks
444,土建园林,craft_construction_landscaping.json,硫黄台阶,minecraft:sulfur_slab
445,土建园林,craft_construction_landscaping.json,硫黄楼梯,minecraft:sulfur_stairs
446,土建园林,craft_construction_landscaping.json,硫黄墙,minecraft:sulfur_wall
447,土建园林,craft_construction_landscaping.json,遮光玻璃,minecraft:tinted_glass
448,土建园林,craft_construction_landscaping.json,凝灰岩砖台阶,minecraft:tuff_brick_slab
449,土建园林,craft_construction_landscaping.json,凝灰岩砖楼梯,minecraft:tuff_brick_stairs
450,土建园林,craft_construction_landscaping.json,凝灰岩砖墙,minecraft:tuff_brick_wall
451,土建园林,craft_construction_landscaping.json,凝灰岩砖,minecraft:tuff_bricks
452,土建园林,craft_construction_landscaping.json,凝灰岩台阶,minecraft:tuff_slab
453,土建园林,craft_construction_landscaping.json,凝灰岩楼梯,minecraft:tuff_stairs
454,土建园林,craft_construction_landscaping.json,凝灰岩墙,minecraft:tuff_wall
455,土建园林,craft_construction_landscaping.json,诡异木栅栏,minecraft:warped_fence
456,土建园林,craft_construction_landscaping.json,悬挂式诡异木告示牌,minecraft:warped_hanging_sign
457,土建园林,craft_construction_landscaping.json,诡异菌核,minecraft:warped_hyphae
458,土建园林,craft_construction_landscaping.json,诡异木板,minecraft:warped_planks
459,土建园林,craft_construction_landscaping.json,诡异木告示牌,minecraft:warped_sign
460,土建园林,craft_construction_landscaping.json,诡异木台阶,minecraft:warped_slab
461,土建园林,craft_construction_landscaping.json,诡异木楼梯,minecraft:warped_stairs
462,土建园林,craft_construction_landscaping.json,涂蜡的雕纹铜块,minecraft:waxed_chiseled_copper
463,土建园林,craft_construction_landscaping.json,涂蜡的铜栏杆,minecraft:waxed_copper_bars
464,土建园林,craft_construction_landscaping.json,涂蜡的铜块,minecraft:waxed_copper_block
465,土建园林,craft_construction_landscaping.json,涂蜡的铜链,minecraft:waxed_copper_chain
466,土建园林,craft_construction_landscaping.json,涂蜡的铜傀儡像,minecraft:waxed_copper_golem_statue
467,土建园林,craft_construction_landscaping.json,涂蜡的铜格栅,minecraft:waxed_copper_grate
468,土建园林,craft_construction_landscaping.json,涂蜡的切制铜块,minecraft:waxed_cut_copper
469,土建园林,craft_construction_landscaping.json,涂蜡的切制铜台阶,minecraft:waxed_cut_copper_slab
470,土建园林,craft_construction_landscaping.json,涂蜡的切制铜楼梯,minecraft:waxed_cut_copper_stairs
471,土建园林,craft_construction_landscaping.json,涂蜡的斑驳雕纹铜块,minecraft:waxed_exposed_chiseled_copper
472,土建园林,craft_construction_landscaping.json,涂蜡的斑驳铜块,minecraft:waxed_exposed_copper
473,土建园林,craft_construction_landscaping.json,涂蜡的斑驳铜栏杆,minecraft:waxed_exposed_copper_bars
474,土建园林,craft_construction_landscaping.json,涂蜡的斑驳铜链,minecraft:waxed_exposed_copper_chain
475,土建园林,craft_construction_landscaping.json,涂蜡的斑驳铜傀儡像,minecraft:waxed_exposed_copper_golem_statue
476,土建园林,craft_construction_landscaping.json,涂蜡的斑驳铜格栅,minecraft:waxed_exposed_copper_grate
477,土建园林,craft_construction_landscaping.json,涂蜡的斑驳切制铜块,minecraft:waxed_exposed_cut_copper
478,土建园林,craft_construction_landscaping.json,涂蜡的斑驳切制铜台阶,minecraft:waxed_exposed_cut_copper_slab
479,土建园林,craft_construction_landscaping.json,涂蜡的斑驳切制铜楼梯,minecraft:waxed_exposed_cut_copper_stairs
480,土建园林,craft_construction_landscaping.json,涂蜡的氧化雕纹铜块,minecraft:waxed_oxidized_chiseled_copper
481,土建园林,craft_construction_landscaping.json,涂蜡的氧化铜块,minecraft:waxed_oxidized_copper
482,土建园林,craft_construction_landscaping.json,涂蜡的氧化铜栏杆,minecraft:waxed_oxidized_copper_bars
483,土建园林,craft_construction_landscaping.json,涂蜡的氧化铜链,minecraft:waxed_oxidized_copper_chain
484,土建园林,craft_construction_landscaping.json,涂蜡的氧化铜傀儡像,minecraft:waxed_oxidized_copper_golem_statue
485,土建园林,craft_construction_landscaping.json,涂蜡的氧化铜格栅,minecraft:waxed_oxidized_copper_grate
486,土建园林,craft_construction_landscaping.json,涂蜡的氧化切制铜块,minecraft:waxed_oxidized_cut_copper
487,土建园林,craft_construction_landscaping.json,涂蜡的氧化切制铜台阶,minecraft:waxed_oxidized_cut_copper_slab
488,土建园林,craft_construction_landscaping.json,涂蜡的氧化切制铜楼梯,minecraft:waxed_oxidized_cut_copper_stairs
489,土建园林,craft_construction_landscaping.json,涂蜡的锈蚀雕纹铜块,minecraft:waxed_weathered_chiseled_copper
490,土建园林,craft_construction_landscaping.json,涂蜡的锈蚀铜块,minecraft:waxed_weathered_copper
491,土建园林,craft_construction_landscaping.json,涂蜡的锈蚀铜栏杆,minecraft:waxed_weathered_copper_bars
492,土建园林,craft_construction_landscaping.json,涂蜡的锈蚀铜链,minecraft:waxed_weathered_copper_chain
493,土建园林,craft_construction_landscaping.json,涂蜡的锈蚀铜傀儡像,minecraft:waxed_weathered_copper_golem_statue
494,土建园林,craft_construction_landscaping.json,涂蜡的锈蚀铜格栅,minecraft:waxed_weathered_copper_grate
495,土建园林,craft_construction_landscaping.json,涂蜡的锈蚀切制铜块,minecraft:waxed_weathered_cut_copper
496,土建园林,craft_construction_landscaping.json,涂蜡的锈蚀切制铜台阶,minecraft:waxed_weathered_cut_copper_slab
497,土建园林,craft_construction_landscaping.json,涂蜡的锈蚀切制铜楼梯,minecraft:waxed_weathered_cut_copper_stairs
498,土建园林,craft_construction_landscaping.json,锈蚀的雕纹铜块,minecraft:weathered_chiseled_copper
499,土建园林,craft_construction_landscaping.json,锈蚀的铜格栅,minecraft:weathered_copper_grate
500,土建园林,craft_construction_landscaping.json,锈蚀的切制铜块,minecraft:weathered_cut_copper
501,土建园林,craft_construction_landscaping.json,锈蚀的切制铜台阶,minecraft:weathered_cut_copper_slab
502,土建园林,craft_construction_landscaping.json,锈蚀的切制铜楼梯,minecraft:weathered_cut_copper_stairs
503,土建园林,craft_construction_landscaping.json,白色地毯,minecraft:white_carpet
504,土建园林,craft_construction_landscaping.json,白色混凝土粉末,minecraft:white_concrete_powder
505,土建园林,craft_construction_landscaping.json,白色混凝土台阶,minecraft:white_concrete_slab
506,土建园林,craft_construction_landscaping.json,白色混凝土楼梯,minecraft:white_concrete_stairs
507,土建园林,craft_construction_landscaping.json,白色染色玻璃,minecraft:white_stained_glass
508,土建园林,craft_construction_landscaping.json,白色染色玻璃板,minecraft:white_stained_glass_pane
509,土建园林,craft_construction_landscaping.json,白色陶瓦,minecraft:white_terracotta
510,土建园林,craft_construction_landscaping.json,白色羊毛,minecraft:white_wool
511,土建园林,craft_construction_landscaping.json,白色羊毛台阶,minecraft:white_wool_slab
512,土建园林,craft_construction_landscaping.json,白色羊毛楼梯,minecraft:white_wool_stairs
513,土建园林,craft_construction_landscaping.json,黄色地毯,minecraft:yellow_carpet
514,土建园林,craft_construction_landscaping.json,黄色混凝土粉末,minecraft:yellow_concrete_powder
515,土建园林,craft_construction_landscaping.json,黄色混凝土台阶,minecraft:yellow_concrete_slab
516,土建园林,craft_construction_landscaping.json,黄色混凝土楼梯,minecraft:yellow_concrete_stairs
517,土建园林,craft_construction_landscaping.json,黄色染色玻璃,minecraft:yellow_stained_glass
518,土建园林,craft_construction_landscaping.json,黄色染色玻璃板,minecraft:yellow_stained_glass_pane
519,土建园林,craft_construction_landscaping.json,黄色陶瓦,minecraft:yellow_terracotta
520,土建园林,craft_construction_landscaping.json,黄色羊毛,minecraft:yellow_wool
521,土建园林,craft_construction_landscaping.json,黄色羊毛台阶,minecraft:yellow_wool_slab
522,土建园林,craft_construction_landscaping.json,黄色羊毛楼梯,minecraft:yellow_wool_stairs
523,采矿冶金,craft_mining_metallurgy.json,紫水晶块,minecraft:amethyst_block
524,能源化工,craft_energy_chemical.json,黑色染料,minecraft:black_dye
525,能源化工,craft_energy_chemical.json,烈焰粉,minecraft:blaze_powder
526,能源化工,craft_energy_chemical.json,蓝色染料,minecraft:blue_dye
527,能源化工,craft_energy_chemical.json,棕色染料,minecraft:brown_dye
528,能源化工,craft_energy_chemical.json,营火,minecraft:campfire
529,能源化工,craft_energy_chemical.json,铜灯笼,minecraft:copper_lantern
530,能源化工,craft_energy_chemical.json,铜火把,minecraft:copper_torch
531,能源化工,craft_energy_chemical.json,青色染料,minecraft:cyan_dye
532,能源化工,craft_energy_chemical.json,末地烛,minecraft:end_rod
533,能源化工,craft_energy_chemical.json,火焰弹,minecraft:fire_charge
534,能源化工,craft_energy_chemical.json,烟花火箭,minecraft:firework_rocket
535,能源化工,craft_energy_chemical.json,烟火之星,minecraft:firework_star
536,能源化工,craft_energy_chemical.json,灰色染料,minecraft:gray_dye
537,能源化工,craft_energy_chemical.json,南瓜灯,minecraft:jack_o_lantern
538,能源化工,craft_energy_chemical.json,灯笼,minecraft:lantern
539,能源化工,craft_energy_chemical.json,淡蓝色染料,minecraft:light_blue_dye
540,能源化工,craft_energy_chemical.json,淡灰色染料,minecraft:light_gray_dye
541,能源化工,craft_energy_chemical.json,黄绿色染料,minecraft:lime_dye
542,能源化工,craft_energy_chemical.json,品红色染料,minecraft:magenta_dye
543,能源化工,craft_energy_chemical.json,岩浆膏,minecraft:magma_cream
544,能源化工,craft_energy_chemical.json,橙色染料,minecraft:orange_dye
545,能源化工,craft_energy_chemical.json,粉红色染料,minecraft:pink_dye
546,能源化工,craft_energy_chemical.json,紫色染料,minecraft:purple_dye
547,能源化工,craft_energy_chemical.json,红色染料,minecraft:red_dye
548,能源化工,craft_energy_chemical.json,海晶灯,minecraft:sea_lantern
549,能源化工,craft_energy_chemical.json,灵魂营火,minecraft:soul_campfire
550,能源化工,craft_energy_chemical.json,灵魂灯笼,minecraft:soul_lantern
551,能源化工,craft_energy_chemical.json,灵魂火把,minecraft:soul_torch
552,能源化工,craft_energy_chemical.json,火把,minecraft:torch
553,能源化工,craft_energy_chemical.json,涂蜡的铜灯笼,minecraft:waxed_copper_lantern
554,能源化工,craft_energy_chemical.json,涂蜡的斑驳铜灯笼,minecraft:waxed_exposed_copper_lantern
555,能源化工,craft_energy_chemical.json,涂蜡的氧化铜灯笼,minecraft:waxed_oxidized_copper_lantern
556,能源化工,craft_energy_chemical.json,涂蜡的锈蚀铜灯笼,minecraft:waxed_weathered_copper_lantern
557,能源化工,craft_energy_chemical.json,白色染料,minecraft:white_dye
558,能源化工,craft_energy_chemical.json,黄色染料,minecraft:yellow_dye
559,加工制造,craft_processing_manufacturing.json,铁砧,minecraft:anvil
560,加工制造,craft_processing_manufacturing.json,高炉,minecraft:blast_furnace
561,加工制造,craft_processing_manufacturing.json,刷子,minecraft:brush
562,加工制造,craft_processing_manufacturing.json,铁桶,minecraft:bucket
563,加工制造,craft_processing_manufacturing.json,炼药锅,minecraft:cauldron
564,加工制造,craft_processing_manufacturing.json,铜斧,minecraft:copper_axe
565,加工制造,craft_processing_manufacturing.json,铜镐,minecraft:copper_pickaxe
566,加工制造,craft_processing_manufacturing.json,铜锹,minecraft:copper_shovel
567,加工制造,craft_processing_manufacturing.json,工作台,minecraft:crafting_table
568,加工制造,craft_processing_manufacturing.json,钻石斧,minecraft:diamond_axe
569,加工制造,craft_processing_manufacturing.json,钻石镐,minecraft:diamond_pickaxe
570,加工制造,craft_processing_manufacturing.json,钻石锹,minecraft:diamond_shovel
571,加工制造,craft_processing_manufacturing.json,制箭台,minecraft:fletching_table
572,加工制造,craft_processing_manufacturing.json,打火石,minecraft:flint_and_steel
573,加工制造,craft_processing_manufacturing.json,熔炉,minecraft:furnace
574,加工制造,craft_processing_manufacturing.json,金斧,minecraft:golden_axe
575,加工制造,craft_processing_manufacturing.json,金镐,minecraft:golden_pickaxe
576,加工制造,craft_processing_manufacturing.json,金锹,minecraft:golden_shovel
577,加工制造,craft_processing_manufacturing.json,砂轮,minecraft:grindstone
578,加工制造,craft_processing_manufacturing.json,铁斧,minecraft:iron_axe
579,加工制造,craft_processing_manufacturing.json,铁镐,minecraft:iron_pickaxe
580,加工制造,craft_processing_manufacturing.json,铁锹,minecraft:iron_shovel
581,加工制造,craft_processing_manufacturing.json,锻造台,minecraft:smithing_table
582,加工制造,craft_processing_manufacturing.json,烟熏炉,minecraft:smoker
583,加工制造,craft_processing_manufacturing.json,木棍,minecraft:stick
584,加工制造,craft_processing_manufacturing.json,石斧,minecraft:stone_axe
585,加工制造,craft_processing_manufacturing.json,石镐,minecraft:stone_pickaxe
586,加工制造,craft_processing_manufacturing.json,石锹,minecraft:stone_shovel
587,加工制造,craft_processing_manufacturing.json,切石机,minecraft:stonecutter
588,加工制造,craft_processing_manufacturing.json,木斧,minecraft:wooden_axe
589,加工制造,craft_processing_manufacturing.json,木镐,minecraft:wooden_pickaxe
590,加工制造,craft_processing_manufacturing.json,木锹,minecraft:wooden_shovel
591,科技魔法,craft_technology_magic.json,金合欢木按钮,minecraft:acacia_button
592,科技魔法,craft_technology_magic.json,金合欢木门,minecraft:acacia_door
593,科技魔法,craft_technology_magic.json,金合欢木栅栏门,minecraft:acacia_fence_gate
594,科技魔法,craft_technology_magic.json,金合欢木压力板,minecraft:acacia_pressure_plate
595,科技魔法,craft_technology_magic.json,金合欢木活板门,minecraft:acacia_trapdoor
596,科技魔法,craft_technology_magic.json,竹按钮,minecraft:bamboo_button
597,科技魔法,craft_technology_magic.json,竹门,minecraft:bamboo_door
598,科技魔法,craft_technology_magic.json,竹栅栏门,minecraft:bamboo_fence_gate
599,科技魔法,craft_technology_magic.json,竹压力板,minecraft:bamboo_pressure_plate
600,科技魔法,craft_technology_magic.json,竹活板门,minecraft:bamboo_trapdoor
601,科技魔法,craft_technology_magic.json,信标,minecraft:beacon
602,科技魔法,craft_technology_magic.json,白桦木按钮,minecraft:birch_button
603,科技魔法,craft_technology_magic.json,白桦木门,minecraft:birch_door
604,科技魔法,craft_technology_magic.json,白桦木栅栏门,minecraft:birch_fence_gate
605,科技魔法,craft_technology_magic.json,白桦木压力板,minecraft:birch_pressure_plate
606,科技魔法,craft_technology_magic.json,白桦木活板门,minecraft:birch_trapdoor
607,科技魔法,craft_technology_magic.json,校频幽匿感测体,minecraft:calibrated_sculk_sensor
608,科技魔法,craft_technology_magic.json,樱花木按钮,minecraft:cherry_button
609,科技魔法,craft_technology_magic.json,樱花木门,minecraft:cherry_door
610,科技魔法,craft_technology_magic.json,樱花木栅栏门,minecraft:cherry_fence_gate
611,科技魔法,craft_technology_magic.json,樱花木压力板,minecraft:cherry_pressure_plate
612,科技魔法,craft_technology_magic.json,樱花木活板门,minecraft:cherry_trapdoor
613,科技魔法,craft_technology_magic.json,红石比较器,minecraft:comparator
614,科技魔法,craft_technology_magic.json,潮涌核心,minecraft:conduit
615,科技魔法,craft_technology_magic.json,铜灯,minecraft:copper_bulb
616,科技魔法,craft_technology_magic.json,铜门,minecraft:copper_door
617,科技魔法,craft_technology_magic.json,铜活板门,minecraft:copper_trapdoor
618,科技魔法,craft_technology_magic.json,合成器,minecraft:crafter
619,科技魔法,craft_technology_magic.json,嘎枝之心,minecraft:creaking_heart
620,科技魔法,craft_technology_magic.json,绯红木按钮,minecraft:crimson_button
621,科技魔法,craft_technology_magic.json,绯红木门,minecraft:crimson_door
622,科技魔法,craft_technology_magic.json,绯红木栅栏门,minecraft:crimson_fence_gate
623,科技魔法,craft_technology_magic.json,绯红木压力板,minecraft:crimson_pressure_plate
624,科技魔法,craft_technology_magic.json,绯红木活板门,minecraft:crimson_trapdoor
625,科技魔法,craft_technology_magic.json,深色橡木按钮,minecraft:dark_oak_button
626,科技魔法,craft_technology_magic.json,深色橡木门,minecraft:dark_oak_door
627,科技魔法,craft_technology_magic.json,深色橡木栅栏门,minecraft:dark_oak_fence_gate
628,科技魔法,craft_technology_magic.json,深色橡木压力板,minecraft:dark_oak_pressure_plate
629,科技魔法,craft_technology_magic.json,深色橡木活板门,minecraft:dark_oak_trapdoor
630,科技魔法,craft_technology_magic.json,阳光探测器,minecraft:daylight_detector
631,科技魔法,craft_technology_magic.json,发射器,minecraft:dispenser
632,科技魔法,craft_technology_magic.json,投掷器,minecraft:dropper
633,科技魔法,craft_technology_magic.json,附魔台,minecraft:enchanting_table
634,科技魔法,craft_technology_magic.json,末地水晶,minecraft:end_crystal
635,科技魔法,craft_technology_magic.json,末影之眼,minecraft:ender_eye
636,科技魔法,craft_technology_magic.json,斑驳的铜灯,minecraft:exposed_copper_bulb
637,科技魔法,craft_technology_magic.json,重质测重压力板,minecraft:heavy_weighted_pressure_plate
638,科技魔法,craft_technology_magic.json,蜂蜜块,minecraft:honey_block
639,科技魔法,craft_technology_magic.json,铁门,minecraft:iron_door
640,科技魔法,craft_technology_magic.json,铁活板门,minecraft:iron_trapdoor
641,科技魔法,craft_technology_magic.json,丛林木按钮,minecraft:jungle_button
642,科技魔法,craft_technology_magic.json,丛林木门,minecraft:jungle_door
643,科技魔法,craft_technology_magic.json,丛林木栅栏门,minecraft:jungle_fence_gate
644,科技魔法,craft_technology_magic.json,丛林木压力板,minecraft:jungle_pressure_plate
645,科技魔法,craft_technology_magic.json,丛林木活板门,minecraft:jungle_trapdoor
646,科技魔法,craft_technology_magic.json,拉杆,minecraft:lever
647,科技魔法,craft_technology_magic.json,轻质测重压力板,minecraft:light_weighted_pressure_plate
648,科技魔法,craft_technology_magic.json,避雷针,minecraft:lightning_rod
649,科技魔法,craft_technology_magic.json,磁石,minecraft:lodestone
650,科技魔法,craft_technology_magic.json,红树木按钮,minecraft:mangrove_button
651,科技魔法,craft_technology_magic.json,红树木门,minecraft:mangrove_door
652,科技魔法,craft_technology_magic.json,红树木栅栏门,minecraft:mangrove_fence_gate
653,科技魔法,craft_technology_magic.json,红树木压力板,minecraft:mangrove_pressure_plate
654,科技魔法,craft_technology_magic.json,红树木活板门,minecraft:mangrove_trapdoor
655,科技魔法,craft_technology_magic.json,橡木按钮,minecraft:oak_button
656,科技魔法,craft_technology_magic.json,橡木门,minecraft:oak_door
657,科技魔法,craft_technology_magic.json,橡木栅栏门,minecraft:oak_fence_gate
658,科技魔法,craft_technology_magic.json,橡木压力板,minecraft:oak_pressure_plate
659,科技魔法,craft_technology_magic.json,橡木活板门,minecraft:oak_trapdoor
660,科技魔法,craft_technology_magic.json,侦测器,minecraft:observer
661,科技魔法,craft_technology_magic.json,氧化的铜灯,minecraft:oxidized_copper_bulb
662,科技魔法,craft_technology_magic.json,苍白橡木按钮,minecraft:pale_oak_button
663,科技魔法,craft_technology_magic.json,苍白橡木门,minecraft:pale_oak_door
664,科技魔法,craft_technology_magic.json,苍白橡木栅栏门,minecraft:pale_oak_fence_gate
665,科技魔法,craft_technology_magic.json,苍白橡木压力板,minecraft:pale_oak_pressure_plate
666,科技魔法,craft_technology_magic.json,苍白橡木活板门,minecraft:pale_oak_trapdoor
667,科技魔法,craft_technology_magic.json,活塞,minecraft:piston
668,科技魔法,craft_technology_magic.json,磨制黑石按钮,minecraft:polished_blackstone_button
669,科技魔法,craft_technology_magic.json,磨制黑石压力板,minecraft:polished_blackstone_pressure_plate
670,科技魔法,craft_technology_magic.json,杨木按钮,minecraft:poplar_button
671,科技魔法,craft_technology_magic.json,杨木门,minecraft:poplar_door
672,科技魔法,craft_technology_magic.json,杨木栅栏门,minecraft:poplar_fence_gate
673,科技魔法,craft_technology_magic.json,杨木压力板,minecraft:poplar_pressure_plate
674,科技魔法,craft_technology_magic.json,杨木活板门,minecraft:poplar_trapdoor
675,科技魔法,craft_technology_magic.json,红石灯,minecraft:redstone_lamp
676,科技魔法,craft_technology_magic.json,红石火把,minecraft:redstone_torch
677,科技魔法,craft_technology_magic.json,红石中继器,minecraft:repeater
678,科技魔法,craft_technology_magic.json,重生锚,minecraft:respawn_anchor
679,科技魔法,craft_technology_magic.json,云杉木按钮,minecraft:spruce_button
680,科技魔法,craft_technology_magic.json,云杉木门,minecraft:spruce_door
681,科技魔法,craft_technology_magic.json,云杉木栅栏门,minecraft:spruce_fence_gate
682,科技魔法,craft_technology_magic.json,云杉木压力板,minecraft:spruce_pressure_plate
683,科技魔法,craft_technology_magic.json,云杉木活板门,minecraft:spruce_trapdoor
684,科技魔法,craft_technology_magic.json,黏性活塞,minecraft:sticky_piston
685,科技魔法,craft_technology_magic.json,石头按钮,minecraft:stone_button
686,科技魔法,craft_technology_magic.json,石头压力板,minecraft:stone_pressure_plate
687,科技魔法,craft_technology_magic.json,标靶,minecraft:target
688,科技魔法,craft_technology_magic.json,绊线钩,minecraft:tripwire_hook
689,科技魔法,craft_technology_magic.json,诡异木按钮,minecraft:warped_button
690,科技魔法,craft_technology_magic.json,诡异木门,minecraft:warped_door
691,科技魔法,craft_technology_magic.json,诡异木栅栏门,minecraft:warped_fence_gate
692,科技魔法,craft_technology_magic.json,诡异木压力板,minecraft:warped_pressure_plate
693,科技魔法,craft_technology_magic.json,诡异木活板门,minecraft:warped_trapdoor
694,科技魔法,craft_technology_magic.json,涂蜡的铜灯,minecraft:waxed_copper_bulb
695,科技魔法,craft_technology_magic.json,涂蜡的铜门,minecraft:waxed_copper_door
696,科技魔法,craft_technology_magic.json,涂蜡的铜活板门,minecraft:waxed_copper_trapdoor
697,科技魔法,craft_technology_magic.json,涂蜡的斑驳铜灯,minecraft:waxed_exposed_copper_bulb
698,科技魔法,craft_technology_magic.json,涂蜡的斑驳铜门,minecraft:waxed_exposed_copper_door
699,科技魔法,craft_technology_magic.json,涂蜡的斑驳铜活板门,minecraft:waxed_exposed_copper_trapdoor
700,科技魔法,craft_technology_magic.json,涂蜡的斑驳避雷针,minecraft:waxed_exposed_lightning_rod
701,科技魔法,craft_technology_magic.json,涂蜡的避雷针,minecraft:waxed_lightning_rod
702,科技魔法,craft_technology_magic.json,涂蜡的氧化铜灯,minecraft:waxed_oxidized_copper_bulb
703,科技魔法,craft_technology_magic.json,涂蜡的氧化铜门,minecraft:waxed_oxidized_copper_door
704,科技魔法,craft_technology_magic.json,涂蜡的氧化铜活板门,minecraft:waxed_oxidized_copper_trapdoor
705,科技魔法,craft_technology_magic.json,涂蜡的氧化避雷针,minecraft:waxed_oxidized_lightning_rod
706,科技魔法,craft_technology_magic.json,涂蜡的锈蚀铜灯,minecraft:waxed_weathered_copper_bulb
707,科技魔法,craft_technology_magic.json,涂蜡的锈蚀铜门,minecraft:waxed_weathered_copper_door
708,科技魔法,craft_technology_magic.json,涂蜡的锈蚀铜活板门,minecraft:waxed_weathered_copper_trapdoor
709,科技魔法,craft_technology_magic.json,涂蜡的锈蚀避雷针,minecraft:waxed_weathered_lightning_rod
710,科技魔法,craft_technology_magic.json,锈蚀的铜灯,minecraft:weathered_copper_bulb
711,农林牧渔,craft_agriculture_forestry_livestock_fishery.json,蜂箱,minecraft:beehive
712,农林牧渔,craft_agriculture_forestry_livestock_fishery.json,胡萝卜钓竿,minecraft:carrot_on_a_stick
713,农林牧渔,craft_agriculture_forestry_livestock_fishery.json,堆肥桶,minecraft:composter
714,农林牧渔,craft_agriculture_forestry_livestock_fishery.json,铜锄,minecraft:copper_hoe
715,农林牧渔,craft_agriculture_forestry_livestock_fishery.json,钻石锄,minecraft:diamond_hoe
716,农林牧渔,craft_agriculture_forestry_livestock_fishery.json,钓鱼竿,minecraft:fishing_rod
717,农林牧渔,craft_agriculture_forestry_livestock_fishery.json,金锄,minecraft:golden_hoe
718,农林牧渔,craft_agriculture_forestry_livestock_fishery.json,蜜脾块,minecraft:honeycomb_block
719,农林牧渔,craft_agriculture_forestry_livestock_fishery.json,铁锄,minecraft:iron_hoe
720,农林牧渔,craft_agriculture_forestry_livestock_fishery.json,皮革,minecraft:leather
721,农林牧渔,craft_agriculture_forestry_livestock_fishery.json,西瓜种子,minecraft:melon_seeds
722,农林牧渔,craft_agriculture_forestry_livestock_fishery.json,南瓜种子,minecraft:pumpkin_seeds
723,农林牧渔,craft_agriculture_forestry_livestock_fishery.json,剪刀,minecraft:shears
724,农林牧渔,craft_agriculture_forestry_livestock_fishery.json,石锄,minecraft:stone_hoe
725,农林牧渔,craft_agriculture_forestry_livestock_fishery.json,糖,minecraft:sugar
726,农林牧渔,craft_agriculture_forestry_livestock_fishery.json,诡异菌钓竿,minecraft:warped_fungus_on_a_stick
727,农林牧渔,craft_agriculture_forestry_livestock_fishery.json,木锄,minecraft:wooden_hoe
728,军工食药,craft_military_food_medicine.json,盔甲架,minecraft:armor_stand
729,军工食药,craft_military_food_medicine.json,箭,minecraft:arrow
730,军工食药,craft_military_food_medicine.json,甜菜汤,minecraft:beetroot_soup
731,军工食药,craft_military_food_medicine.json,锻造模板,minecraft:bolt_armor_trim_smithing_template
732,军工食药,craft_military_food_medicine.json,弓,minecraft:bow
733,军工食药,craft_military_food_medicine.json,碗,minecraft:bowl
734,军工食药,craft_military_food_medicine.json,面包,minecraft:bread
735,军工食药,craft_military_food_medicine.json,酿造台,minecraft:brewing_stand
736,军工食药,craft_military_food_medicine.json,蛋糕,minecraft:cake
737,军工食药,craft_military_food_medicine.json,锻造模板,minecraft:coast_armor_trim_smithing_template
738,军工食药,craft_military_food_medicine.json,曲奇,minecraft:cookie
739,军工食药,craft_military_food_medicine.json,铜靴子,minecraft:copper_boots
740,军工食药,craft_military_food_medicine.json,铜头盔,minecraft:copper_helmet
741,军工食药,craft_military_food_medicine.json,铜护腿,minecraft:copper_leggings
742,军工食药,craft_military_food_medicine.json,铜矛,minecraft:copper_spear
743,军工食药,craft_military_food_medicine.json,铜剑,minecraft:copper_sword
744,军工食药,craft_military_food_medicine.json,弩,minecraft:crossbow
745,军工食药,craft_military_food_medicine.json,钻石靴子,minecraft:diamond_boots
746,军工食药,craft_military_food_medicine.json,钻石头盔,minecraft:diamond_helmet
747,军工食药,craft_military_food_medicine.json,钻石护腿,minecraft:diamond_leggings
748,军工食药,craft_military_food_medicine.json,钻石矛,minecraft:diamond_spear
749,军工食药,craft_military_food_medicine.json,钻石剑,minecraft:diamond_sword
750,军工食药,craft_military_food_medicine.json,锻造模板,minecraft:dune_armor_trim_smithing_template
751,军工食药,craft_military_food_medicine.json,锻造模板,minecraft:eye_armor_trim_smithing_template
752,军工食药,craft_military_food_medicine.json,发酵蛛眼,minecraft:fermented_spider_eye
753,军工食药,craft_military_food_medicine.json,锻造模板,minecraft:flow_armor_trim_smithing_template
754,军工食药,craft_military_food_medicine.json,玻璃瓶,minecraft:glass_bottle
755,军工食药,craft_military_food_medicine.json,闪烁的西瓜片,minecraft:glistering_melon_slice
756,军工食药,craft_military_food_medicine.json,金苹果,minecraft:golden_apple
757,军工食药,craft_military_food_medicine.json,金靴子,minecraft:golden_boots
758,军工食药,craft_military_food_medicine.json,金胡萝卜,minecraft:golden_carrot
759,军工食药,craft_military_food_medicine.json,金头盔,minecraft:golden_helmet
760,军工食药,craft_military_food_medicine.json,金护腿,minecraft:golden_leggings
761,军工食药,craft_military_food_medicine.json,金矛,minecraft:golden_spear
762,军工食药,craft_military_food_medicine.json,金剑,minecraft:golden_sword
763,军工食药,craft_military_food_medicine.json,蜂蜜瓶,minecraft:honey_bottle
764,军工食药,craft_military_food_medicine.json,锻造模板,minecraft:host_armor_trim_smithing_template
765,军工食药,craft_military_food_medicine.json,铁靴子,minecraft:iron_boots
766,军工食药,craft_military_food_medicine.json,铁头盔,minecraft:iron_helmet
767,军工食药,craft_military_food_medicine.json,铁护腿,minecraft:iron_leggings
768,军工食药,craft_military_food_medicine.json,铁矛,minecraft:iron_spear
769,军工食药,craft_military_food_medicine.json,铁剑,minecraft:iron_sword
770,军工食药,craft_military_food_medicine.json,皮革靴子,minecraft:leather_boots
771,军工食药,craft_military_food_medicine.json,皮革帽子,minecraft:leather_helmet
772,军工食药,craft_military_food_medicine.json,皮革马铠,minecraft:leather_horse_armor
773,军工食药,craft_military_food_medicine.json,皮革裤子,minecraft:leather_leggings
774,军工食药,craft_military_food_medicine.json,重锤,minecraft:mace
775,军工食药,craft_military_food_medicine.json,蘑菇煲,minecraft:mushroom_stew
776,军工食药,craft_military_food_medicine.json,锻造模板,minecraft:netherite_upgrade_smithing_template
777,军工食药,craft_military_food_medicine.json,南瓜派,minecraft:pumpkin_pie
778,军工食药,craft_military_food_medicine.json,兔肉煲,minecraft:rabbit_stew
779,军工食药,craft_military_food_medicine.json,锻造模板,minecraft:raiser_armor_trim_smithing_template
780,军工食药,craft_military_food_medicine.json,锻造模板,minecraft:rib_armor_trim_smithing_template
781,军工食药,craft_military_food_medicine.json,锻造模板,minecraft:sentry_armor_trim_smithing_template
782,军工食药,craft_military_food_medicine.json,锻造模板,minecraft:shaper_armor_trim_smithing_template
783,军工食药,craft_military_food_medicine.json,盾牌,minecraft:shield
784,军工食药,craft_military_food_medicine.json,锻造模板,minecraft:silence_armor_trim_smithing_template
785,军工食药,craft_military_food_medicine.json,锻造模板,minecraft:snout_armor_trim_smithing_template
786,军工食药,craft_military_food_medicine.json,光灵箭,minecraft:spectral_arrow
787,军工食药,craft_military_food_medicine.json,锻造模板,minecraft:spire_armor_trim_smithing_template
788,军工食药,craft_military_food_medicine.json,石矛,minecraft:stone_spear
789,军工食药,craft_military_food_medicine.json,石剑,minecraft:stone_sword
790,军工食药,craft_military_food_medicine.json,谜之炖菜,minecraft:suspicious_stew
791,军工食药,craft_military_food_medicine.json,锻造模板,minecraft:tide_armor_trim_smithing_template
792,军工食药,craft_military_food_medicine.json,药箭,minecraft:tipped_arrow
793,军工食药,craft_military_food_medicine.json,TNT,minecraft:tnt
794,军工食药,craft_military_food_medicine.json,海龟壳,minecraft:turtle_helmet
795,军工食药,craft_military_food_medicine.json,锻造模板,minecraft:vex_armor_trim_smithing_template
796,军工食药,craft_military_food_medicine.json,锻造模板,minecraft:ward_armor_trim_smithing_template
797,军工食药,craft_military_food_medicine.json,锻造模板,minecraft:wayfinder_armor_trim_smithing_template
798,军工食药,craft_military_food_medicine.json,锻造模板,minecraft:wild_armor_trim_smithing_template
799,军工食药,craft_military_food_medicine.json,风弹,minecraft:wind_charge
800,军工食药,craft_military_food_medicine.json,狼铠,minecraft:wolf_armor
801,军工食药,craft_military_food_medicine.json,木矛,minecraft:wooden_spear
802,军工食药,craft_military_food_medicine.json,木剑,minecraft:wooden_sword
803,流通服务,craft_circulation_services.json,金合欢木船,minecraft:acacia_boat
804,流通服务,craft_circulation_services.json,金合欢木运输船,minecraft:acacia_chest_boat
805,流通服务,craft_circulation_services.json,激活铁轨,minecraft:activator_rail
806,流通服务,craft_circulation_services.json,运输竹筏,minecraft:bamboo_chest_raft
807,流通服务,craft_circulation_services.json,竹筏,minecraft:bamboo_raft
808,流通服务,craft_circulation_services.json,木桶,minecraft:barrel
809,流通服务,craft_circulation_services.json,白桦木船,minecraft:birch_boat
810,流通服务,craft_circulation_services.json,白桦木运输船,minecraft:birch_chest_boat
811,流通服务,craft_circulation_services.json,黑色收纳袋,minecraft:black_bundle
812,流通服务,craft_circulation_services.json,黑色挽具,minecraft:black_harness
813,流通服务,craft_circulation_services.json,黑色潜影盒,minecraft:black_shulker_box
814,流通服务,craft_circulation_services.json,蓝色收纳袋,minecraft:blue_bundle
815,流通服务,craft_circulation_services.json,蓝色挽具,minecraft:blue_harness
816,流通服务,craft_circulation_services.json,蓝色潜影盒,minecraft:blue_shulker_box
817,流通服务,craft_circulation_services.json,棕色收纳袋,minecraft:brown_bundle
818,流通服务,craft_circulation_services.json,棕色挽具,minecraft:brown_harness
819,流通服务,craft_circulation_services.json,棕色潜影盒,minecraft:brown_shulker_box
820,流通服务,craft_circulation_services.json,收纳袋,minecraft:bundle
821,流通服务,craft_circulation_services.json,樱花木船,minecraft:cherry_boat
822,流通服务,craft_circulation_services.json,樱花木运输船,minecraft:cherry_chest_boat
823,流通服务,craft_circulation_services.json,箱子,minecraft:chest
824,流通服务,craft_circulation_services.json,运输矿车,minecraft:chest_minecart
825,流通服务,craft_circulation_services.json,铜箱子,minecraft:copper_chest
826,流通服务,craft_circulation_services.json,铜胸甲,minecraft:copper_chestplate
827,流通服务,craft_circulation_services.json,青色收纳袋,minecraft:cyan_bundle
828,流通服务,craft_circulation_services.json,青色挽具,minecraft:cyan_harness
829,流通服务,craft_circulation_services.json,青色潜影盒,minecraft:cyan_shulker_box
830,流通服务,craft_circulation_services.json,深色橡木船,minecraft:dark_oak_boat
831,流通服务,craft_circulation_services.json,深色橡木运输船,minecraft:dark_oak_chest_boat
832,流通服务,craft_circulation_services.json,探测铁轨,minecraft:detector_rail
833,流通服务,craft_circulation_services.json,钻石胸甲,minecraft:diamond_chestplate
834,流通服务,craft_circulation_services.json,末影箱,minecraft:ender_chest
835,流通服务,craft_circulation_services.json,动力矿车,minecraft:furnace_minecart
836,流通服务,craft_circulation_services.json,金胸甲,minecraft:golden_chestplate
837,流通服务,craft_circulation_services.json,灰色收纳袋,minecraft:gray_bundle
838,流通服务,craft_circulation_services.json,灰色挽具,minecraft:gray_harness
839,流通服务,craft_circulation_services.json,灰色潜影盒,minecraft:gray_shulker_box
840,流通服务,craft_circulation_services.json,绿色收纳袋,minecraft:green_bundle
841,流通服务,craft_circulation_services.json,绿色挽具,minecraft:green_harness
842,流通服务,craft_circulation_services.json,绿色潜影盒,minecraft:green_shulker_box
843,流通服务,craft_circulation_services.json,漏斗,minecraft:hopper
844,流通服务,craft_circulation_services.json,漏斗矿车,minecraft:hopper_minecart
845,流通服务,craft_circulation_services.json,铁胸甲,minecraft:iron_chestplate
846,流通服务,craft_circulation_services.json,丛林木船,minecraft:jungle_boat
847,流通服务,craft_circulation_services.json,丛林木运输船,minecraft:jungle_chest_boat
848,流通服务,craft_circulation_services.json,拴绳,minecraft:lead
849,流通服务,craft_circulation_services.json,皮革外套,minecraft:leather_chestplate
850,流通服务,craft_circulation_services.json,淡蓝色收纳袋,minecraft:light_blue_bundle
851,流通服务,craft_circulation_services.json,淡蓝色挽具,minecraft:light_blue_harness
852,流通服务,craft_circulation_services.json,淡蓝色潜影盒,minecraft:light_blue_shulker_box
853,流通服务,craft_circulation_services.json,淡灰色收纳袋,minecraft:light_gray_bundle
854,流通服务,craft_circulation_services.json,淡灰色挽具,minecraft:light_gray_harness
855,流通服务,craft_circulation_services.json,淡灰色潜影盒,minecraft:light_gray_shulker_box
856,流通服务,craft_circulation_services.json,黄绿色收纳袋,minecraft:lime_bundle
857,流通服务,craft_circulation_services.json,黄绿色挽具,minecraft:lime_harness
858,流通服务,craft_circulation_services.json,黄绿色潜影盒,minecraft:lime_shulker_box
859,流通服务,craft_circulation_services.json,品红色收纳袋,minecraft:magenta_bundle
860,流通服务,craft_circulation_services.json,品红色挽具,minecraft:magenta_harness
861,流通服务,craft_circulation_services.json,品红色潜影盒,minecraft:magenta_shulker_box
862,流通服务,craft_circulation_services.json,红树木船,minecraft:mangrove_boat
863,流通服务,craft_circulation_services.json,红树木运输船,minecraft:mangrove_chest_boat
864,流通服务,craft_circulation_services.json,矿车,minecraft:minecart
865,流通服务,craft_circulation_services.json,橡木船,minecraft:oak_boat
866,流通服务,craft_circulation_services.json,橡木运输船,minecraft:oak_chest_boat
867,流通服务,craft_circulation_services.json,橙色收纳袋,minecraft:orange_bundle
868,流通服务,craft_circulation_services.json,橙色挽具,minecraft:orange_harness
869,流通服务,craft_circulation_services.json,橙色潜影盒,minecraft:orange_shulker_box
870,流通服务,craft_circulation_services.json,苍白橡木船,minecraft:pale_oak_boat
871,流通服务,craft_circulation_services.json,苍白橡木运输船,minecraft:pale_oak_chest_boat
872,流通服务,craft_circulation_services.json,粉红色收纳袋,minecraft:pink_bundle
873,流通服务,craft_circulation_services.json,粉红色挽具,minecraft:pink_harness
874,流通服务,craft_circulation_services.json,粉红色潜影盒,minecraft:pink_shulker_box
875,流通服务,craft_circulation_services.json,杨木船,minecraft:poplar_boat
876,流通服务,craft_circulation_services.json,杨木运输船,minecraft:poplar_chest_boat
877,流通服务,craft_circulation_services.json,动力铁轨,minecraft:powered_rail
878,流通服务,craft_circulation_services.json,紫色收纳袋,minecraft:purple_bundle
879,流通服务,craft_circulation_services.json,紫色挽具,minecraft:purple_harness
880,流通服务,craft_circulation_services.json,紫色潜影盒,minecraft:purple_shulker_box
881,流通服务,craft_circulation_services.json,铁轨,minecraft:rail
882,流通服务,craft_circulation_services.json,红色收纳袋,minecraft:red_bundle
883,流通服务,craft_circulation_services.json,红色挽具,minecraft:red_harness
884,流通服务,craft_circulation_services.json,红色潜影盒,minecraft:red_shulker_box
885,流通服务,craft_circulation_services.json,鞍,minecraft:saddle
886,流通服务,craft_circulation_services.json,潜影盒,minecraft:shulker_box
887,流通服务,craft_circulation_services.json,云杉木船,minecraft:spruce_boat
888,流通服务,craft_circulation_services.json,云杉木运输船,minecraft:spruce_chest_boat
889,流通服务,craft_circulation_services.json,TNT矿车,minecraft:tnt_minecart
890,流通服务,craft_circulation_services.json,陷阱箱,minecraft:trapped_chest
891,流通服务,craft_circulation_services.json,涂蜡的铜箱子,minecraft:waxed_copper_chest
892,流通服务,craft_circulation_services.json,涂蜡的斑驳铜箱子,minecraft:waxed_exposed_copper_chest
893,流通服务,craft_circulation_services.json,涂蜡的氧化铜箱子,minecraft:waxed_oxidized_copper_chest
894,流通服务,craft_circulation_services.json,涂蜡的锈蚀铜箱子,minecraft:waxed_weathered_copper_chest
895,流通服务,craft_circulation_services.json,白色收纳袋,minecraft:white_bundle
896,流通服务,craft_circulation_services.json,白色挽具,minecraft:white_harness
897,流通服务,craft_circulation_services.json,白色潜影盒,minecraft:white_shulker_box
898,流通服务,craft_circulation_services.json,黄色收纳袋,minecraft:yellow_bundle
899,流通服务,craft_circulation_services.json,黄色挽具,minecraft:yellow_harness
900,流通服务,craft_circulation_services.json,黄色潜影盒,minecraft:yellow_shulker_box
901,文教民生,craft_culture_education_livelihood.json,金合欢木展示架,minecraft:acacia_shelf
902,文教民生,craft_culture_education_livelihood.json,竹展示架,minecraft:bamboo_shelf
903,文教民生,craft_culture_education_livelihood.json,白桦木展示架,minecraft:birch_shelf
904,文教民生,craft_culture_education_livelihood.json,黑色旗帜,minecraft:black_banner
905,文教民生,craft_culture_education_livelihood.json,黑色床,minecraft:black_bed
906,文教民生,craft_culture_education_livelihood.json,黑色蜡烛,minecraft:black_candle
907,文教民生,craft_culture_education_livelihood.json,黑色坐垫,minecraft:black_cushion
908,文教民生,craft_culture_education_livelihood.json,蓝色旗帜,minecraft:blue_banner
909,文教民生,craft_culture_education_livelihood.json,蓝色床,minecraft:blue_bed
910,文教民生,craft_culture_education_livelihood.json,蓝色蜡烛,minecraft:blue_candle
911,文教民生,craft_culture_education_livelihood.json,蓝色坐垫,minecraft:blue_cushion
912,文教民生,craft_culture_education_livelihood.json,书,minecraft:book
913,文教民生,craft_culture_education_livelihood.json,书架,minecraft:bookshelf
914,文教民生,craft_culture_education_livelihood.json,波纹边旗帜图案,minecraft:bordure_indented_banner_pattern
915,文教民生,craft_culture_education_livelihood.json,棕色旗帜,minecraft:brown_banner
916,文教民生,craft_culture_education_livelihood.json,棕色床,minecraft:brown_bed
917,文教民生,craft_culture_education_livelihood.json,棕色蜡烛,minecraft:brown_candle
918,文教民生,craft_culture_education_livelihood.json,棕色坐垫,minecraft:brown_cushion
919,文教民生,craft_culture_education_livelihood.json,蜡烛,minecraft:candle
920,文教民生,craft_culture_education_livelihood.json,制图台,minecraft:cartography_table
921,文教民生,craft_culture_education_livelihood.json,樱花木展示架,minecraft:cherry_shelf
922,文教民生,craft_culture_education_livelihood.json,雕纹书架,minecraft:chiseled_bookshelf
923,文教民生,craft_culture_education_livelihood.json,时钟,minecraft:clock
924,文教民生,craft_culture_education_livelihood.json,指南针,minecraft:compass
925,文教民生,craft_culture_education_livelihood.json,旗帜图案,minecraft:creeper_banner_pattern
926,文教民生,craft_culture_education_livelihood.json,绯红木展示架,minecraft:crimson_shelf
927,文教民生,craft_culture_education_livelihood.json,青色旗帜,minecraft:cyan_banner
928,文教民生,craft_culture_education_livelihood.json,青色床,minecraft:cyan_bed
929,文教民生,craft_culture_education_livelihood.json,青色蜡烛,minecraft:cyan_candle
930,文教民生,craft_culture_education_livelihood.json,青色坐垫,minecraft:cyan_cushion
931,文教民生,craft_culture_education_livelihood.json,深色橡木展示架,minecraft:dark_oak_shelf
932,文教民生,craft_culture_education_livelihood.json,饰纹陶罐,minecraft:decorated_pot
933,文教民生,craft_culture_education_livelihood.json,砖纹旗帜图案,minecraft:field_masoned_banner_pattern
934,文教民生,craft_culture_education_livelihood.json,旗帜图案,minecraft:flower_banner_pattern
935,文教民生,craft_culture_education_livelihood.json,花盆,minecraft:flower_pot
936,文教民生,craft_culture_education_livelihood.json,荧光物品展示框,minecraft:glow_item_frame
937,文教民生,craft_culture_education_livelihood.json,灰色旗帜,minecraft:gray_banner
938,文教民生,craft_culture_education_livelihood.json,灰色床,minecraft:gray_bed
939,文教民生,craft_culture_education_livelihood.json,灰色蜡烛,minecraft:gray_candle
940,文教民生,craft_culture_education_livelihood.json,灰色坐垫,minecraft:gray_cushion
941,文教民生,craft_culture_education_livelihood.json,绿色旗帜,minecraft:green_banner
942,文教民生,craft_culture_education_livelihood.json,绿色床,minecraft:green_bed
943,文教民生,craft_culture_education_livelihood.json,绿色蜡烛,minecraft:green_candle
944,文教民生,craft_culture_education_livelihood.json,绿色坐垫,minecraft:green_cushion
945,文教民生,craft_culture_education_livelihood.json,物品展示框,minecraft:item_frame
946,文教民生,craft_culture_education_livelihood.json,唱片机,minecraft:jukebox
947,文教民生,craft_culture_education_livelihood.json,丛林木展示架,minecraft:jungle_shelf
948,文教民生,craft_culture_education_livelihood.json,讲台,minecraft:lectern
949,文教民生,craft_culture_education_livelihood.json,淡蓝色旗帜,minecraft:light_blue_banner
950,文教民生,craft_culture_education_livelihood.json,淡蓝色床,minecraft:light_blue_bed
951,文教民生,craft_culture_education_livelihood.json,淡蓝色蜡烛,minecraft:light_blue_candle
952,文教民生,craft_culture_education_livelihood.json,淡蓝色坐垫,minecraft:light_blue_cushion
953,文教民生,craft_culture_education_livelihood.json,淡灰色旗帜,minecraft:light_gray_banner
954,文教民生,craft_culture_education_livelihood.json,淡灰色床,minecraft:light_gray_bed
955,文教民生,craft_culture_education_livelihood.json,淡灰色蜡烛,minecraft:light_gray_candle
956,文教民生,craft_culture_education_livelihood.json,淡灰色坐垫,minecraft:light_gray_cushion
957,文教民生,craft_culture_education_livelihood.json,黄绿色旗帜,minecraft:lime_banner
958,文教民生,craft_culture_education_livelihood.json,黄绿色床,minecraft:lime_bed
959,文教民生,craft_culture_education_livelihood.json,黄绿色蜡烛,minecraft:lime_candle
960,文教民生,craft_culture_education_livelihood.json,黄绿色坐垫,minecraft:lime_cushion
961,文教民生,craft_culture_education_livelihood.json,织布机,minecraft:loom
962,文教民生,craft_culture_education_livelihood.json,品红色旗帜,minecraft:magenta_banner
963,文教民生,craft_culture_education_livelihood.json,品红色床,minecraft:magenta_bed
964,文教民生,craft_culture_education_livelihood.json,品红色蜡烛,minecraft:magenta_candle
965,文教民生,craft_culture_education_livelihood.json,品红色坐垫,minecraft:magenta_cushion
966,文教民生,craft_culture_education_livelihood.json,红树木展示架,minecraft:mangrove_shelf
967,文教民生,craft_culture_education_livelihood.json,空地图,minecraft:map
968,文教民生,craft_culture_education_livelihood.json,旗帜图案,minecraft:mojang_banner_pattern
969,文教民生,craft_culture_education_livelihood.json,音乐唱片,minecraft:music_disc_5
970,文教民生,craft_culture_education_livelihood.json,命名牌,minecraft:name_tag
971,文教民生,craft_culture_education_livelihood.json,音符盒,minecraft:note_block
972,文教民生,craft_culture_education_livelihood.json,橡木展示架,minecraft:oak_shelf
973,文教民生,craft_culture_education_livelihood.json,橙色旗帜,minecraft:orange_banner
974,文教民生,craft_culture_education_livelihood.json,橙色床,minecraft:orange_bed
975,文教民生,craft_culture_education_livelihood.json,橙色蜡烛,minecraft:orange_candle
976,文教民生,craft_culture_education_livelihood.json,橙色坐垫,minecraft:orange_cushion
977,文教民生,craft_culture_education_livelihood.json,画,minecraft:painting
978,文教民生,craft_culture_education_livelihood.json,苍白橡木展示架,minecraft:pale_oak_shelf
979,文教民生,craft_culture_education_livelihood.json,纸,minecraft:paper
980,文教民生,craft_culture_education_livelihood.json,粉红色旗帜,minecraft:pink_banner
981,文教民生,craft_culture_education_livelihood.json,粉红色床,minecraft:pink_bed
982,文教民生,craft_culture_education_livelihood.json,粉红色蜡烛,minecraft:pink_candle
983,文教民生,craft_culture_education_livelihood.json,粉红色坐垫,minecraft:pink_cushion
984,文教民生,craft_culture_education_livelihood.json,杨木展示架,minecraft:poplar_shelf
985,文教民生,craft_culture_education_livelihood.json,紫色旗帜,minecraft:purple_banner
986,文教民生,craft_culture_education_livelihood.json,紫色床,minecraft:purple_bed
987,文教民生,craft_culture_education_livelihood.json,紫色蜡烛,minecraft:purple_candle
988,文教民生,craft_culture_education_livelihood.json,紫色坐垫,minecraft:purple_cushion
989,文教民生,craft_culture_education_livelihood.json,追溯指针,minecraft:recovery_compass
990,文教民生,craft_culture_education_livelihood.json,红色旗帜,minecraft:red_banner
991,文教民生,craft_culture_education_livelihood.json,红色床,minecraft:red_bed
992,文教民生,craft_culture_education_livelihood.json,红色蜡烛,minecraft:red_candle
993,文教民生,craft_culture_education_livelihood.json,红色坐垫,minecraft:red_cushion
994,文教民生,craft_culture_education_livelihood.json,旗帜图案,minecraft:skull_banner_pattern
995,文教民生,craft_culture_education_livelihood.json,云杉木展示架,minecraft:spruce_shelf
996,文教民生,craft_culture_education_livelihood.json,望远镜,minecraft:spyglass
997,文教民生,craft_culture_education_livelihood.json,麦秆床,minecraft:straw_bed
998,文教民生,craft_culture_education_livelihood.json,诡异木展示架,minecraft:warped_shelf
999,文教民生,craft_culture_education_livelihood.json,白色旗帜,minecraft:white_banner
1000,文教民生,craft_culture_education_livelihood.json,白色床,minecraft:white_bed
1001,文教民生,craft_culture_education_livelihood.json,白色蜡烛,minecraft:white_candle
1002,文教民生,craft_culture_education_livelihood.json,白色坐垫,minecraft:white_cushion
1003,文教民生,craft_culture_education_livelihood.json,书与笔,minecraft:writable_book
1004,文教民生,craft_culture_education_livelihood.json,成书,minecraft:written_book
1005,文教民生,craft_culture_education_livelihood.json,黄色旗帜,minecraft:yellow_banner
1006,文教民生,craft_culture_education_livelihood.json,黄色床,minecraft:yellow_bed
1007,文教民生,craft_culture_education_livelihood.json,黄色蜡烛,minecraft:yellow_candle
1008,文教民生,craft_culture_education_livelihood.json,黄色坐垫,minecraft:yellow_cushion
