序号,行业,对应JSON文件,中文名称,注册ID
1,采矿冶金,mine_mining_metallurgy.json,紫水晶块,minecraft:amethyst_block
2,采矿冶金,mine_mining_metallurgy.json,紫水晶簇,minecraft:amethyst_cluster
3,采矿冶金,mine_mining_metallurgy.json,远古残骸,minecraft:ancient_debris
4,采矿冶金,mine_mining_metallurgy.json,安山岩,minecraft:andesite
5,采矿冶金,mine_mining_metallurgy.json,玄武岩,minecraft:basalt
6,采矿冶金,mine_mining_metallurgy.json,黑色陶瓦,minecraft:black_terracotta
7,采矿冶金,mine_mining_metallurgy.json,黑石,minecraft:blackstone
8,采矿冶金,mine_mining_metallurgy.json,蓝冰,minecraft:blue_ice
9,采矿冶金,mine_mining_metallurgy.json,蓝色陶瓦,minecraft:blue_terracotta
10,采矿冶金,mine_mining_metallurgy.json,棕色陶瓦,minecraft:brown_terracotta
11,采矿冶金,mine_mining_metallurgy.json,紫水晶母岩,minecraft:budding_amethyst
12,采矿冶金,mine_mining_metallurgy.json,方解石,minecraft:calcite
13,能源化工,mine_energy_chemical.json,朱砂,minecraft:cinnabar
14,采矿冶金,mine_mining_metallurgy.json,黏土,minecraft:clay
15,采矿冶金,mine_mining_metallurgy.json,砂土,minecraft:coarse_dirt
16,采矿冶金,mine_mining_metallurgy.json,圆石,minecraft:cobblestone
17,采矿冶金,mine_mining_metallurgy.json,铜矿石,minecraft:copper_ore
18,采矿冶金,mine_mining_metallurgy.json,绯红菌岩,minecraft:crimson_nylium
19,采矿冶金,mine_mining_metallurgy.json,哭泣的黑曜石,minecraft:crying_obsidian
20,采矿冶金,mine_mining_metallurgy.json,青色陶瓦,minecraft:cyan_terracotta
21,采矿冶金,mine_mining_metallurgy.json,深板岩,minecraft:deepslate
22,采矿冶金,mine_mining_metallurgy.json,深层铜矿石,minecraft:deepslate_copper_ore
23,采矿冶金,mine_mining_metallurgy.json,深层钻石矿石,minecraft:deepslate_diamond_ore
24,采矿冶金,mine_mining_metallurgy.json,深层绿宝石矿石,minecraft:deepslate_emerald_ore
25,采矿冶金,mine_mining_metallurgy.json,深层金矿石,minecraft:deepslate_gold_ore
26,采矿冶金,mine_mining_metallurgy.json,深层铁矿石,minecraft:deepslate_iron_ore
27,采矿冶金,mine_mining_metallurgy.json,深层青金石矿石,minecraft:deepslate_lapis_ore
28,采矿冶金,mine_mining_metallurgy.json,深层红石矿石,minecraft:deepslate_redstone_ore
29,采矿冶金,mine_mining_metallurgy.json,钻石矿石,minecraft:diamond_ore
30,采矿冶金,mine_mining_metallurgy.json,闪长岩,minecraft:diorite
31,采矿冶金,mine_mining_metallurgy.json,泥土,minecraft:dirt
32,采矿冶金,mine_mining_metallurgy.json,土径,minecraft:dirt_path
33,采矿冶金,mine_mining_metallurgy.json,滴水石块,minecraft:dripstone_block
34,采矿冶金,mine_mining_metallurgy.json,绿宝石矿石,minecraft:emerald_ore
35,采矿冶金,mine_mining_metallurgy.json,末地石,minecraft:end_stone
36,采矿冶金,mine_mining_metallurgy.json,镶金黑石,minecraft:gilded_blackstone
37,采矿冶金,mine_mining_metallurgy.json,荧石,minecraft:glowstone
38,采矿冶金,mine_mining_metallurgy.json,金矿石,minecraft:gold_ore
39,采矿冶金,mine_mining_metallurgy.json,花岗岩,minecraft:granite
40,采矿冶金,mine_mining_metallurgy.json,沙砾,minecraft:gravel
41,采矿冶金,mine_mining_metallurgy.json,灰色陶瓦,minecraft:gray_terracotta
42,采矿冶金,mine_mining_metallurgy.json,绿色陶瓦,minecraft:green_terracotta
43,采矿冶金,mine_mining_metallurgy.json,冰,minecraft:ice
44,采矿冶金,mine_mining_metallurgy.json,虫蚀圆石,minecraft:infested_cobblestone
45,采矿冶金,mine_mining_metallurgy.json,虫蚀深板岩,minecraft:infested_deepslate
46,采矿冶金,mine_mining_metallurgy.json,虫蚀石头,minecraft:infested_stone
47,采矿冶金,mine_mining_metallurgy.json,虫蚀石砖,minecraft:infested_stone_bricks
48,采矿冶金,mine_mining_metallurgy.json,铁矿石,minecraft:iron_ore
49,采矿冶金,mine_mining_metallurgy.json,青金石矿石,minecraft:lapis_ore
50,采矿冶金,mine_mining_metallurgy.json,大型紫晶芽,minecraft:large_amethyst_bud
51,采矿冶金,mine_mining_metallurgy.json,淡蓝色陶瓦,minecraft:light_blue_terracotta
52,采矿冶金,mine_mining_metallurgy.json,淡灰色陶瓦,minecraft:light_gray_terracotta
53,采矿冶金,mine_mining_metallurgy.json,黄绿色陶瓦,minecraft:lime_terracotta
54,采矿冶金,mine_mining_metallurgy.json,品红色陶瓦,minecraft:magenta_terracotta
55,能源化工,mine_energy_chemical.json,岩浆块,minecraft:magma_block
56,采矿冶金,mine_mining_metallurgy.json,中型紫晶芽,minecraft:medium_amethyst_bud
57,采矿冶金,mine_mining_metallurgy.json,泥巴,minecraft:mud
58,采矿冶金,mine_mining_metallurgy.json,菌丝体,minecraft:mycelium
59,采矿冶金,mine_mining_metallurgy.json,下界金矿石,minecraft:nether_gold_ore
60,采矿冶金,mine_mining_metallurgy.json,下界石英矿石,minecraft:nether_quartz_ore
61,采矿冶金,mine_mining_metallurgy.json,下界岩,minecraft:netherrack
62,采矿冶金,mine_mining_metallurgy.json,黑曜石,minecraft:obsidian
63,采矿冶金,mine_mining_metallurgy.json,橙色陶瓦,minecraft:orange_terracotta
64,采矿冶金,mine_mining_metallurgy.json,浮冰,minecraft:packed_ice
65,采矿冶金,mine_mining_metallurgy.json,粉红色陶瓦,minecraft:pink_terracotta
66,采矿冶金,mine_mining_metallurgy.json,灰化土,minecraft:podzol
67,采矿冶金,mine_mining_metallurgy.json,滴水石锥,minecraft:pointed_dripstone
68,能源化工,mine_energy_chemical.json,烈性硫黄,minecraft:potent_sulfur
69,采矿冶金,mine_mining_metallurgy.json,紫色陶瓦,minecraft:purple_terracotta
70,采矿冶金,mine_mining_metallurgy.json,红沙,minecraft:red_sand
71,采矿冶金,mine_mining_metallurgy.json,红色陶瓦,minecraft:red_terracotta
72,采矿冶金,mine_mining_metallurgy.json,红石矿石,minecraft:redstone_ore
73,采矿冶金,mine_mining_metallurgy.json,缠根泥土,minecraft:rooted_dirt
74,采矿冶金,mine_mining_metallurgy.json,沙子,minecraft:sand
75,采矿冶金,mine_mining_metallurgy.json,小型紫晶芽,minecraft:small_amethyst_bud
76,采矿冶金,mine_mining_metallurgy.json,雪,minecraft:snow
77,采矿冶金,mine_mining_metallurgy.json,雪块,minecraft:snow_block
78,采矿冶金,mine_mining_metallurgy.json,灵魂沙,minecraft:soul_sand
79,采矿冶金,mine_mining_metallurgy.json,灵魂土,minecraft:soul_soil
80,采矿冶金,mine_mining_metallurgy.json,石头,minecraft:stone
81,能源化工,mine_energy_chemical.json,硫黄,minecraft:sulfur
82,能源化工,mine_energy_chemical.json,硫黄尖锥,minecraft:sulfur_spike
83,采矿冶金,mine_mining_metallurgy.json,可疑的沙砾,minecraft:suspicious_gravel
84,采矿冶金,mine_mining_metallurgy.json,可疑的沙子,minecraft:suspicious_sand
85,采矿冶金,mine_mining_metallurgy.json,陶瓦,minecraft:terracotta
86,采矿冶金,mine_mining_metallurgy.json,凝灰岩,minecraft:tuff
87,采矿冶金,mine_mining_metallurgy.json,诡异菌岩,minecraft:warped_nylium
88,采矿冶金,mine_mining_metallurgy.json,白色陶瓦,minecraft:white_terracotta
89,采矿冶金,mine_mining_metallurgy.json,黄色陶瓦,minecraft:yellow_terracotta
90,农林牧渔,mine_agriculture_forestry_livestock_fishery.json,海绵,minecraft:sponge
91,农林牧渔,mine_agriculture_forestry_livestock_fishery.json,湿海绵,minecraft:wet_sponge
92,军工食药,mine_military_food_medicine.json,沉重核心,minecraft:heavy_core
93,军工食药,mine_military_food_medicine.json,刷怪笼,minecraft:spawner
94,军工食药,mine_military_food_medicine.json,TNT,minecraft:tnt
95,军工食药,mine_military_food_medicine.json,试炼刷怪笼,minecraft:trial_spawner
96,军工食药,mine_military_food_medicine.json,宝库,minecraft:vault
97,科技魔法,mine_technology_magic.json,校频幽匿感测体,minecraft:calibrated_sculk_sensor
98,科技魔法,mine_technology_magic.json,蜂蜜块,minecraft:honey_block
99,科技魔法,mine_technology_magic.json,幽匿块,minecraft:sculk
100,科技魔法,mine_technology_magic.json,幽匿催发体,minecraft:sculk_catalyst
101,科技魔法,mine_technology_magic.json,幽匿尖啸体,minecraft:sculk_shrieker
102,科技魔法,mine_technology_magic.json,幽匿脉络,minecraft:sculk_vein
103,科技魔法,mine_technology_magic.json,黏液块,minecraft:slime_block
104,流通服务,mine_circulation_services.json,黑色潜影盒,minecraft:black_shulker_box
105,流通服务,mine_circulation_services.json,蓝色潜影盒,minecraft:blue_shulker_box
106,流通服务,mine_circulation_services.json,棕色潜影盒,minecraft:brown_shulker_box
107,流通服务,mine_circulation_services.json,青色潜影盒,minecraft:cyan_shulker_box
108,流通服务,mine_circulation_services.json,末影箱,minecraft:ender_chest
109,流通服务,mine_circulation_services.json,灰色潜影盒,minecraft:gray_shulker_box
110,流通服务,mine_circulation_services.json,绿色潜影盒,minecraft:green_shulker_box
111,流通服务,mine_circulation_services.json,淡蓝色潜影盒,minecraft:light_blue_shulker_box
112,流通服务,mine_circulation_services.json,淡灰色潜影盒,minecraft:light_gray_shulker_box
113,流通服务,mine_circulation_services.json,黄绿色潜影盒,minecraft:lime_shulker_box
114,流通服务,mine_circulation_services.json,品红色潜影盒,minecraft:magenta_shulker_box
115,流通服务,mine_circulation_services.json,橙色潜影盒,minecraft:orange_shulker_box
116,流通服务,mine_circulation_services.json,粉红色潜影盒,minecraft:pink_shulker_box
117,流通服务,mine_circulation_services.json,紫色潜影盒,minecraft:purple_shulker_box
118,流通服务,mine_circulation_services.json,红色潜影盒,minecraft:red_shulker_box
119,流通服务,mine_circulation_services.json,潜影盒,minecraft:shulker_box
120,流通服务,mine_circulation_services.json,白色潜影盒,minecraft:white_shulker_box
121,流通服务,mine_circulation_services.json,黄色潜影盒,minecraft:yellow_shulker_box
122,能源化工,mine_energy_chemical.json,煤炭块,minecraft:coal_block
123,能源化工,mine_energy_chemical.json,煤矿石,minecraft:coal_ore
124,能源化工,mine_energy_chemical.json,嘎枝之心,minecraft:creaking_heart
125,能源化工,mine_energy_chemical.json,深层煤矿石,minecraft:deepslate_coal_ore
126,能源化工,mine_energy_chemical.json,树脂块,minecraft:resin_block
127,能源化工,mine_energy_chemical.json,树脂团,minecraft:resin_clump
128,农林牧渔,mine_agriculture_forestry_livestock_fishery.json,金合欢树叶,minecraft:acacia_leaves
129,农林牧渔,mine_agriculture_forestry_livestock_fishery.json,金合欢原木,minecraft:acacia_log
130,农林牧渔,mine_agriculture_forestry_livestock_fishery.json,金合欢树苗,minecraft:acacia_sapling
131,农林牧渔,mine_agriculture_forestry_livestock_fishery.json,金合欢木,minecraft:acacia_wood
132,农林牧渔,mine_agriculture_forestry_livestock_fishery.json,绒球葱,minecraft:allium
133,农林牧渔,mine_agriculture_forestry_livestock_fishery.json,结果的西瓜茎,minecraft:attached_melon_stem
134,农林牧渔,mine_agriculture_forestry_livestock_fishery.json,结果的南瓜茎,minecraft:attached_pumpkin_stem
135,农林牧渔,mine_agriculture_forestry_livestock_fishery.json,杜鹃花丛,minecraft:azalea
136,农林牧渔,mine_agriculture_forestry_livestock_fishery.json,杜鹃树叶,minecraft:azalea_leaves
137,农林牧渔,mine_agriculture_forestry_livestock_fishery.json,蓝花美耳草,minecraft:azure_bluet
138,农林牧渔,mine_agriculture_forestry_livestock_fishery.json,竹子,minecraft:bamboo
139,农林牧渔,mine_agriculture_forestry_livestock_fishery.json,竹笋,minecraft:bamboo_sapling
140,农林牧渔,mine_agriculture_forestry_livestock_fishery.json,蜂巢,minecraft:bee_nest
141,农林牧渔,mine_agriculture_forestry_livestock_fishery.json,蜂箱,minecraft:beehive
142,农林牧渔,mine_agriculture_forestry_livestock_fishery.json,甜菜根,minecraft:beetroots
143,农林牧渔,mine_agriculture_forestry_livestock_fishery.json,大型垂滴叶,minecraft:big_dripleaf
144,农林牧渔,mine_agriculture_forestry_livestock_fishery.json,大型垂滴叶茎,minecraft:big_dripleaf_stem
145,农林牧渔,mine_agriculture_forestry_livestock_fishery.json,白桦树叶,minecraft:birch_leaves
146,农林牧渔,mine_agriculture_forestry_livestock_fishery.json,白桦原木,minecraft:birch_log
147,农林牧渔,mine_agriculture_forestry_livestock_fishery.json,白桦树苗,minecraft:birch_sapling
148,农林牧渔,mine_agriculture_forestry_livestock_fishery.json,白桦木,minecraft:birch_wood
149,农林牧渔,mine_agriculture_forestry_livestock_fishery.json,兰花,minecraft:blue_orchid
150,农林牧渔,mine_agriculture_forestry_livestock_fishery.json,脑纹珊瑚,minecraft:brain_coral
151,农林牧渔,mine_agriculture_forestry_livestock_fishery.json,脑纹珊瑚块,minecraft:brain_coral_block
152,农林牧渔,mine_agriculture_forestry_livestock_fishery.json,脑纹珊瑚扇,minecraft:brain_coral_fan
153,农林牧渔,mine_agriculture_forestry_livestock_fishery.json,墙上的脑纹珊瑚扇,minecraft:brain_coral_wall_fan
154,农林牧渔,mine_agriculture_forestry_livestock_fishery.json,棕色蘑菇,minecraft:brown_mushroom
155,农林牧渔,mine_agriculture_forestry_livestock_fishery.json,棕色蘑菇方块,minecraft:brown_mushroom_block
156,农林牧渔,mine_agriculture_forestry_livestock_fishery.json,气泡珊瑚,minecraft:bubble_coral
157,农林牧渔,mine_agriculture_forestry_livestock_fishery.json,气泡珊瑚块,minecraft:bubble_coral_block
158,农林牧渔,mine_agriculture_forestry_livestock_fishery.json,气泡珊瑚扇,minecraft:bubble_coral_fan
159,农林牧渔,mine_agriculture_forestry_livestock_fishery.json,墙上的气泡珊瑚扇,minecraft:bubble_coral_wall_fan
160,农林牧渔,mine_agriculture_forestry_livestock_fishery.json,灌木丛,minecraft:bush
161,农林牧渔,mine_agriculture_forestry_livestock_fishery.json,仙人掌,minecraft:cactus
162,农林牧渔,mine_agriculture_forestry_livestock_fishery.json,仙人掌花,minecraft:cactus_flower
163,农林牧渔,mine_agriculture_forestry_livestock_fishery.json,胡萝卜,minecraft:carrots
164,农林牧渔,mine_agriculture_forestry_livestock_fishery.json,雕刻南瓜,minecraft:carved_pumpkin
165,农林牧渔,mine_agriculture_forestry_livestock_fishery.json,洞穴藤蔓,minecraft:cave_vines
166,农林牧渔,mine_agriculture_forestry_livestock_fishery.json,洞穴藤蔓植株,minecraft:cave_vines_plant
167,农林牧渔,mine_agriculture_forestry_livestock_fishery.json,樱花树叶,minecraft:cherry_leaves
168,农林牧渔,mine_agriculture_forestry_livestock_fishery.json,樱花原木,minecraft:cherry_log
169,农林牧渔,mine_agriculture_forestry_livestock_fishery.json,樱花树苗,minecraft:cherry_sapling
170,农林牧渔,mine_agriculture_forestry_livestock_fishery.json,樱花木,minecraft:cherry_wood
171,农林牧渔,mine_agriculture_forestry_livestock_fishery.json,紫颂花,minecraft:chorus_flower
172,农林牧渔,mine_agriculture_forestry_livestock_fishery.json,紫颂植株,minecraft:chorus_plant
173,农林牧渔,mine_agriculture_forestry_livestock_fishery.json,闭合的眼眸花,minecraft:closed_eyeblossom
174,农林牧渔,mine_agriculture_forestry_livestock_fishery.json,可可果,minecraft:cocoa
175,农林牧渔,mine_agriculture_forestry_livestock_fishery.json,矢车菊,minecraft:cornflower
176,农林牧渔,mine_agriculture_forestry_livestock_fishery.json,绯红菌核,minecraft:crimson_hyphae
177,农林牧渔,mine_agriculture_forestry_livestock_fishery.json,绯红菌索,minecraft:crimson_roots
178,农林牧渔,mine_agriculture_forestry_livestock_fishery.json,绯红菌柄,minecraft:crimson_stem
179,农林牧渔,mine_agriculture_forestry_livestock_fishery.json,蒲公英,minecraft:dandelion
180,农林牧渔,mine_agriculture_forestry_livestock_fishery.json,深色橡树树叶,minecraft:dark_oak_leaves
181,农林牧渔,mine_agriculture_forestry_livestock_fishery.json,深色橡木原木,minecraft:dark_oak_log
182,农林牧渔,mine_agriculture_forestry_livestock_fishery.json,深色橡树树苗,minecraft:dark_oak_sapling
183,农林牧渔,mine_agriculture_forestry_livestock_fishery.json,深色橡木,minecraft:dark_oak_wood
184,农林牧渔,mine_agriculture_forestry_livestock_fishery.json,失活的脑纹珊瑚,minecraft:dead_brain_coral
185,农林牧渔,mine_agriculture_forestry_livestock_fishery.json,失活的脑纹珊瑚块,minecraft:dead_brain_coral_block
186,农林牧渔,mine_agriculture_forestry_livestock_fishery.json,失活的脑纹珊瑚扇,minecraft:dead_brain_coral_fan
187,农林牧渔,mine_agriculture_forestry_livestock_fishery.json,墙上的失活脑纹珊瑚扇,minecraft:dead_brain_coral_wall_fan
188,农林牧渔,mine_agriculture_forestry_livestock_fishery.json,失活的气泡珊瑚,minecraft:dead_bubble_coral
189,农林牧渔,mine_agriculture_forestry_livestock_fishery.json,失活的气泡珊瑚块,minecraft:dead_bubble_coral_block
190,农林牧渔,mine_agriculture_forestry_livestock_fishery.json,失活的气泡珊瑚扇,minecraft:dead_bubble_coral_fan
191,农林牧渔,mine_agriculture_forestry_livestock_fishery.json,墙上的失活气泡珊瑚扇,minecraft:dead_bubble_coral_wall_fan
192,农林牧渔,mine_agriculture_forestry_livestock_fishery.json,枯萎的灌木,minecraft:dead_bush
193,农林牧渔,mine_agriculture_forestry_livestock_fishery.json,失活的火珊瑚,minecraft:dead_fire_coral
194,农林牧渔,mine_agriculture_forestry_livestock_fishery.json,失活的火珊瑚块,minecraft:dead_fire_coral_block
195,农林牧渔,mine_agriculture_forestry_livestock_fishery.json,失活的火珊瑚扇,minecraft:dead_fire_coral_fan
196,农林牧渔,mine_agriculture_forestry_livestock_fishery.json,墙上的失活火珊瑚扇,minecraft:dead_fire_coral_wall_fan
197,农林牧渔,mine_agriculture_forestry_livestock_fishery.json,失活的鹿角珊瑚,minecraft:dead_horn_coral
198,农林牧渔,mine_agriculture_forestry_livestock_fishery.json,失活的鹿角珊瑚块,minecraft:dead_horn_coral_block
199,农林牧渔,mine_agriculture_forestry_livestock_fishery.json,失活的鹿角珊瑚扇,minecraft:dead_horn_coral_fan
200,农林牧渔,mine_agriculture_forestry_livestock_fishery.json,墙上的失活鹿角珊瑚扇,minecraft:dead_horn_coral_wall_fan
201,农林牧渔,mine_agriculture_forestry_livestock_fishery.json,失活的管珊瑚,minecraft:dead_tube_coral
202,农林牧渔,mine_agriculture_forestry_livestock_fishery.json,失活的管珊瑚块,minecraft:dead_tube_coral_block
203,农林牧渔,mine_agriculture_forestry_livestock_fishery.json,失活的管珊瑚扇,minecraft:dead_tube_coral_fan
204,农林牧渔,mine_agriculture_forestry_livestock_fishery.json,墙上的失活管珊瑚扇,minecraft:dead_tube_coral_wall_fan
205,科技魔法,mine_technology_magic.json,龙蛋,minecraft:dragon_egg
206,农林牧渔,mine_agriculture_forestry_livestock_fishery.json,失水恶魂,minecraft:dried_ghast
207,农林牧渔,mine_agriculture_forestry_livestock_fishery.json,耕地,minecraft:farmland
208,农林牧渔,mine_agriculture_forestry_livestock_fishery.json,蕨,minecraft:fern
209,农林牧渔,mine_agriculture_forestry_livestock_fishery.json,火珊瑚,minecraft:fire_coral
210,农林牧渔,mine_agriculture_forestry_livestock_fishery.json,火珊瑚块,minecraft:fire_coral_block
211,农林牧渔,mine_agriculture_forestry_livestock_fishery.json,火珊瑚扇,minecraft:fire_coral_fan
212,农林牧渔,mine_agriculture_forestry_livestock_fishery.json,墙上的火珊瑚扇,minecraft:fire_coral_wall_fan
213,农林牧渔,mine_agriculture_forestry_livestock_fishery.json,萤火虫灌木丛,minecraft:firefly_bush
214,农林牧渔,mine_agriculture_forestry_livestock_fishery.json,盛开的杜鹃花丛,minecraft:flowering_azalea
215,农林牧渔,mine_agriculture_forestry_livestock_fishery.json,盛开的杜鹃树叶,minecraft:flowering_azalea_leaves
216,农林牧渔,mine_agriculture_forestry_livestock_fishery.json,青蛙卵,minecraft:frogspawn
217,农林牧渔,mine_agriculture_forestry_livestock_fishery.json,发光地衣,minecraft:glow_lichen
218,农林牧渔,mine_agriculture_forestry_livestock_fishery.json,金蒲公英,minecraft:golden_dandelion
219,农林牧渔,mine_agriculture_forestry_livestock_fishery.json,垂根,minecraft:hanging_roots
220,农林牧渔,mine_agriculture_forestry_livestock_fishery.json,干草捆,minecraft:hay_block
221,农林牧渔,mine_agriculture_forestry_livestock_fishery.json,蜜脾块,minecraft:honeycomb_block
222,农林牧渔,mine_agriculture_forestry_livestock_fishery.json,鹿角珊瑚,minecraft:horn_coral
223,农林牧渔,mine_agriculture_forestry_livestock_fishery.json,鹿角珊瑚块,minecraft:horn_coral_block
224,农林牧渔,mine_agriculture_forestry_livestock_fishery.json,鹿角珊瑚扇,minecraft:horn_coral_fan
225,农林牧渔,mine_agriculture_forestry_livestock_fishery.json,墙上的鹿角珊瑚扇,minecraft:horn_coral_wall_fan
226,农林牧渔,mine_agriculture_forestry_livestock_fishery.json,丛林树叶,minecraft:jungle_leaves
227,农林牧渔,mine_agriculture_forestry_livestock_fishery.json,丛林原木,minecraft:jungle_log
228,农林牧渔,mine_agriculture_forestry_livestock_fishery.json,丛林树苗,minecraft:jungle_sapling
229,农林牧渔,mine_agriculture_forestry_livestock_fishery.json,丛林木,minecraft:jungle_wood
230,农林牧渔,mine_agriculture_forestry_livestock_fishery.json,海带,minecraft:kelp
231,农林牧渔,mine_agriculture_forestry_livestock_fishery.json,海带植株,minecraft:kelp_plant
232,农林牧渔,mine_agriculture_forestry_livestock_fishery.json,大型蕨,minecraft:large_fern
233,农林牧渔,mine_agriculture_forestry_livestock_fishery.json,枯叶堆,minecraft:leaf_litter
234,农林牧渔,mine_agriculture_forestry_livestock_fishery.json,丁香,minecraft:lilac
235,农林牧渔,mine_agriculture_forestry_livestock_fishery.json,铃兰,minecraft:lily_of_the_valley
236,农林牧渔,mine_agriculture_forestry_livestock_fishery.json,睡莲,minecraft:lily_pad
237,农林牧渔,mine_agriculture_forestry_livestock_fishery.json,红树树叶,minecraft:mangrove_leaves
238,农林牧渔,mine_agriculture_forestry_livestock_fishery.json,红树原木,minecraft:mangrove_log
239,农林牧渔,mine_agriculture_forestry_livestock_fishery.json,红树胎生苗,minecraft:mangrove_propagule
240,农林牧渔,mine_agriculture_forestry_livestock_fishery.json,红树根,minecraft:mangrove_roots
241,农林牧渔,mine_agriculture_forestry_livestock_fishery.json,红树木,minecraft:mangrove_wood
242,农林牧渔,mine_agriculture_forestry_livestock_fishery.json,西瓜,minecraft:melon
243,农林牧渔,mine_agriculture_forestry_livestock_fishery.json,西瓜茎,minecraft:melon_stem
244,农林牧渔,mine_agriculture_forestry_livestock_fishery.json,苔藓块,minecraft:moss_block
245,农林牧渔,mine_agriculture_forestry_livestock_fishery.json,覆地苔藓,minecraft:moss_carpet
246,农林牧渔,mine_agriculture_forestry_livestock_fishery.json,沾泥的红树根,minecraft:muddy_mangrove_roots
247,农林牧渔,mine_agriculture_forestry_livestock_fishery.json,蘑菇柄,minecraft:mushroom_stem
248,农林牧渔,mine_agriculture_forestry_livestock_fishery.json,下界苗,minecraft:nether_sprouts
249,农林牧渔,mine_agriculture_forestry_livestock_fishery.json,下界疣,minecraft:nether_wart
250,农林牧渔,mine_agriculture_forestry_livestock_fishery.json,下界疣块,minecraft:nether_wart_block
251,农林牧渔,mine_agriculture_forestry_livestock_fishery.json,橡树树叶,minecraft:oak_leaves
252,农林牧渔,mine_agriculture_forestry_livestock_fishery.json,橡木原木,minecraft:oak_log
253,农林牧渔,mine_agriculture_forestry_livestock_fishery.json,橡树树苗,minecraft:oak_sapling
254,农林牧渔,mine_agriculture_forestry_livestock_fishery.json,橡木,minecraft:oak_wood
255,农林牧渔,mine_agriculture_forestry_livestock_fishery.json,张开的眼眸花,minecraft:open_eyeblossom
256,农林牧渔,mine_agriculture_forestry_livestock_fishery.json,橙色杨树树叶,minecraft:orange_poplar_leaves
257,农林牧渔,mine_agriculture_forestry_livestock_fishery.json,橙色郁金香,minecraft:orange_tulip
258,农林牧渔,mine_agriculture_forestry_livestock_fishery.json,滨菊,minecraft:oxeye_daisy
259,农林牧渔,mine_agriculture_forestry_livestock_fishery.json,苍白苔藓块,minecraft:pale_moss_block
260,农林牧渔,mine_agriculture_forestry_livestock_fishery.json,苍白覆地苔藓,minecraft:pale_moss_carpet
261,农林牧渔,mine_agriculture_forestry_livestock_fishery.json,苍白橡树树叶,minecraft:pale_oak_leaves
262,农林牧渔,mine_agriculture_forestry_livestock_fishery.json,苍白橡木原木,minecraft:pale_oak_log
263,农林牧渔,mine_agriculture_forestry_livestock_fishery.json,苍白橡树树苗,minecraft:pale_oak_sapling
264,农林牧渔,mine_agriculture_forestry_livestock_fishery.json,苍白橡木,minecraft:pale_oak_wood
265,农林牧渔,mine_agriculture_forestry_livestock_fishery.json,牡丹,minecraft:peony
266,农林牧渔,mine_agriculture_forestry_livestock_fishery.json,粉红色花簇,minecraft:pink_petals
267,农林牧渔,mine_agriculture_forestry_livestock_fishery.json,粉红色郁金香,minecraft:pink_tulip
268,农林牧渔,mine_agriculture_forestry_livestock_fishery.json,瓶子草植株,minecraft:pitcher_crop
269,农林牧渔,mine_agriculture_forestry_livestock_fishery.json,瓶子草,minecraft:pitcher_plant
270,农林牧渔,mine_agriculture_forestry_livestock_fishery.json,杨木原木,minecraft:poplar_log
271,农林牧渔,mine_agriculture_forestry_livestock_fishery.json,杨树树苗,minecraft:poplar_sapling
272,农林牧渔,mine_agriculture_forestry_livestock_fishery.json,杨木,minecraft:poplar_wood
273,农林牧渔,mine_agriculture_forestry_livestock_fishery.json,虞美人,minecraft:poppy
274,农林牧渔,mine_agriculture_forestry_livestock_fishery.json,马铃薯,minecraft:potatoes
275,农林牧渔,mine_agriculture_forestry_livestock_fishery.json,金合欢树苗盆栽,minecraft:potted_acacia_sapling
276,农林牧渔,mine_agriculture_forestry_livestock_fishery.json,杜鹃花丛盆栽,minecraft:potted_azalea_bush
277,农林牧渔,mine_agriculture_forestry_livestock_fishery.json,白桦树苗盆栽,minecraft:potted_birch_sapling
278,农林牧渔,mine_agriculture_forestry_livestock_fishery.json,兰花盆栽,minecraft:potted_blue_orchid
279,农林牧渔,mine_agriculture_forestry_livestock_fishery.json,樱花树苗盆栽,minecraft:potted_cherry_sapling
280,农林牧渔,mine_agriculture_forestry_livestock_fishery.json,深色橡树树苗盆栽,minecraft:potted_dark_oak_sapling
281,农林牧渔,mine_agriculture_forestry_livestock_fishery.json,枯萎的灌木盆栽,minecraft:potted_dead_bush
282,农林牧渔,mine_agriculture_forestry_livestock_fishery.json,盛开的杜鹃花丛盆栽,minecraft:potted_flowering_azalea_bush
283,农林牧渔,mine_agriculture_forestry_livestock_fishery.json,丛林树苗盆栽,minecraft:potted_jungle_sapling
284,农林牧渔,mine_agriculture_forestry_livestock_fishery.json,红树胎生苗盆栽,minecraft:potted_mangrove_propagule
285,农林牧渔,mine_agriculture_forestry_livestock_fishery.json,橡树树苗盆栽,minecraft:potted_oak_sapling
286,农林牧渔,mine_agriculture_forestry_livestock_fishery.json,橙色郁金香盆栽,minecraft:potted_orange_tulip
287,农林牧渔,mine_agriculture_forestry_livestock_fishery.json,苍白橡树树苗盆栽,minecraft:potted_pale_oak_sapling
288,农林牧渔,mine_agriculture_forestry_livestock_fishery.json,粉红色郁金香盆栽,minecraft:potted_pink_tulip
289,农林牧渔,mine_agriculture_forestry_livestock_fishery.json,杨树树苗盆栽,minecraft:potted_poplar_sapling
290,农林牧渔,mine_agriculture_forestry_livestock_fishery.json,红色郁金香盆栽,minecraft:potted_red_tulip
291,农林牧渔,mine_agriculture_forestry_livestock_fishery.json,云杉树苗盆栽,minecraft:potted_spruce_sapling
292,农林牧渔,mine_agriculture_forestry_livestock_fishery.json,白色郁金香盆栽,minecraft:potted_white_tulip
293,农林牧渔,mine_agriculture_forestry_livestock_fishery.json,南瓜,minecraft:pumpkin
294,农林牧渔,mine_agriculture_forestry_livestock_fishery.json,南瓜茎,minecraft:pumpkin_stem
295,农林牧渔,mine_agriculture_forestry_livestock_fishery.json,红色蘑菇,minecraft:red_mushroom
296,农林牧渔,mine_agriculture_forestry_livestock_fishery.json,红色蘑菇方块,minecraft:red_mushroom_block
297,农林牧渔,mine_agriculture_forestry_livestock_fishery.json,红色杨树树叶,minecraft:red_poplar_leaves
298,农林牧渔,mine_agriculture_forestry_livestock_fishery.json,红灌木,minecraft:red_shrub
299,农林牧渔,mine_agriculture_forestry_livestock_fishery.json,红色郁金香,minecraft:red_tulip
300,农林牧渔,mine_agriculture_forestry_livestock_fishery.json,玫瑰丛,minecraft:rose_bush
301,农林牧渔,mine_agriculture_forestry_livestock_fishery.json,海泡菜,minecraft:sea_pickle
302,农林牧渔,mine_agriculture_forestry_livestock_fishery.json,海草,minecraft:seagrass
303,农林牧渔,mine_agriculture_forestry_livestock_fishery.json,层孔菇,minecraft:shelf_mushroom
304,农林牧渔,mine_agriculture_forestry_livestock_fishery.json,矮枯草丛,minecraft:short_dry_grass
305,农林牧渔,mine_agriculture_forestry_livestock_fishery.json,矮草丛,minecraft:short_grass
306,农林牧渔,mine_agriculture_forestry_livestock_fishery.json,菌光体,minecraft:shroomlight
307,农林牧渔,mine_agriculture_forestry_livestock_fishery.json,小型垂滴叶,minecraft:small_dripleaf
308,农林牧渔,mine_agriculture_forestry_livestock_fishery.json,嗅探兽蛋,minecraft:sniffer_egg
309,农林牧渔,mine_agriculture_forestry_livestock_fishery.json,孢子花,minecraft:spore_blossom
310,农林牧渔,mine_agriculture_forestry_livestock_fishery.json,云杉树叶,minecraft:spruce_leaves
311,农林牧渔,mine_agriculture_forestry_livestock_fishery.json,云杉原木,minecraft:spruce_log
312,农林牧渔,mine_agriculture_forestry_livestock_fishery.json,云杉树苗,minecraft:spruce_sapling
313,农林牧渔,mine_agriculture_forestry_livestock_fishery.json,云杉木,minecraft:spruce_wood
314,农林牧渔,mine_agriculture_forestry_livestock_fishery.json,去皮金合欢原木,minecraft:stripped_acacia_log
315,农林牧渔,mine_agriculture_forestry_livestock_fishery.json,去皮金合欢木,minecraft:stripped_acacia_wood
316,农林牧渔,mine_agriculture_forestry_livestock_fishery.json,去皮白桦原木,minecraft:stripped_birch_log
317,农林牧渔,mine_agriculture_forestry_livestock_fishery.json,去皮白桦木,minecraft:stripped_birch_wood
318,农林牧渔,mine_agriculture_forestry_livestock_fishery.json,去皮樱花原木,minecraft:stripped_cherry_log
319,农林牧渔,mine_agriculture_forestry_livestock_fishery.json,去皮樱花木,minecraft:stripped_cherry_wood
320,农林牧渔,mine_agriculture_forestry_livestock_fishery.json,去皮绯红菌核,minecraft:stripped_crimson_hyphae
321,农林牧渔,mine_agriculture_forestry_livestock_fishery.json,去皮绯红菌柄,minecraft:stripped_crimson_stem
322,农林牧渔,mine_agriculture_forestry_livestock_fishery.json,去皮深色橡木原木,minecraft:stripped_dark_oak_log
323,农林牧渔,mine_agriculture_forestry_livestock_fishery.json,去皮深色橡木,minecraft:stripped_dark_oak_wood
324,农林牧渔,mine_agriculture_forestry_livestock_fishery.json,去皮丛林原木,minecraft:stripped_jungle_log
325,农林牧渔,mine_agriculture_forestry_livestock_fishery.json,去皮丛林木,minecraft:stripped_jungle_wood
326,农林牧渔,mine_agriculture_forestry_livestock_fishery.json,去皮红树原木,minecraft:stripped_mangrove_log
327,农林牧渔,mine_agriculture_forestry_livestock_fishery.json,去皮红树木,minecraft:stripped_mangrove_wood
328,农林牧渔,mine_agriculture_forestry_livestock_fishery.json,去皮橡木原木,minecraft:stripped_oak_log
329,农林牧渔,mine_agriculture_forestry_livestock_fishery.json,去皮橡木,minecraft:stripped_oak_wood
330,农林牧渔,mine_agriculture_forestry_livestock_fishery.json,去皮苍白橡木原木,minecraft:stripped_pale_oak_log
331,农林牧渔,mine_agriculture_forestry_livestock_fishery.json,去皮苍白橡木,minecraft:stripped_pale_oak_wood
332,农林牧渔,mine_agriculture_forestry_livestock_fishery.json,去皮杨木原木,minecraft:stripped_poplar_log
333,农林牧渔,mine_agriculture_forestry_livestock_fishery.json,去皮杨木,minecraft:stripped_poplar_wood
334,农林牧渔,mine_agriculture_forestry_livestock_fishery.json,去皮云杉原木,minecraft:stripped_spruce_log
335,农林牧渔,mine_agriculture_forestry_livestock_fishery.json,去皮云杉木,minecraft:stripped_spruce_wood
336,农林牧渔,mine_agriculture_forestry_livestock_fishery.json,去皮诡异菌核,minecraft:stripped_warped_hyphae
337,农林牧渔,mine_agriculture_forestry_livestock_fishery.json,去皮诡异菌柄,minecraft:stripped_warped_stem
338,农林牧渔,mine_agriculture_forestry_livestock_fishery.json,甘蔗,minecraft:sugar_cane
339,农林牧渔,mine_agriculture_forestry_livestock_fishery.json,向日葵,minecraft:sunflower
340,农林牧渔,mine_agriculture_forestry_livestock_fishery.json,甜浆果丛,minecraft:sweet_berry_bush
341,农林牧渔,mine_agriculture_forestry_livestock_fishery.json,高枯草丛,minecraft:tall_dry_grass
342,农林牧渔,mine_agriculture_forestry_livestock_fishery.json,高草丛,minecraft:tall_grass
343,农林牧渔,mine_agriculture_forestry_livestock_fishery.json,高海草,minecraft:tall_seagrass
344,农林牧渔,mine_agriculture_forestry_livestock_fishery.json,火把花,minecraft:torchflower
345,农林牧渔,mine_agriculture_forestry_livestock_fishery.json,火把花植株,minecraft:torchflower_crop
346,农林牧渔,mine_agriculture_forestry_livestock_fishery.json,管珊瑚,minecraft:tube_coral
347,农林牧渔,mine_agriculture_forestry_livestock_fishery.json,管珊瑚块,minecraft:tube_coral_block
348,农林牧渔,mine_agriculture_forestry_livestock_fishery.json,管珊瑚扇,minecraft:tube_coral_fan
349,农林牧渔,mine_agriculture_forestry_livestock_fishery.json,墙上的管珊瑚扇,minecraft:tube_coral_wall_fan
350,农林牧渔,mine_agriculture_forestry_livestock_fishery.json,海龟蛋,minecraft:turtle_egg
351,农林牧渔,mine_agriculture_forestry_livestock_fishery.json,缠怨藤,minecraft:twisting_vines
352,农林牧渔,mine_agriculture_forestry_livestock_fishery.json,缠怨藤植株,minecraft:twisting_vines_plant
353,农林牧渔,mine_agriculture_forestry_livestock_fishery.json,藤蔓,minecraft:vine
354,农林牧渔,mine_agriculture_forestry_livestock_fishery.json,诡异菌核,minecraft:warped_hyphae
355,农林牧渔,mine_agriculture_forestry_livestock_fishery.json,诡异菌索,minecraft:warped_roots
356,农林牧渔,mine_agriculture_forestry_livestock_fishery.json,诡异菌柄,minecraft:warped_stem
357,农林牧渔,mine_agriculture_forestry_livestock_fishery.json,诡异疣块,minecraft:warped_wart_block
358,农林牧渔,mine_agriculture_forestry_livestock_fishery.json,垂泪藤,minecraft:weeping_vines
359,农林牧渔,mine_agriculture_forestry_livestock_fishery.json,垂泪藤植株,minecraft:weeping_vines_plant
360,农林牧渔,mine_agriculture_forestry_livestock_fishery.json,小麦植株,minecraft:wheat
361,农林牧渔,mine_agriculture_forestry_livestock_fishery.json,白色郁金香,minecraft:white_tulip
362,农林牧渔,mine_agriculture_forestry_livestock_fishery.json,野花簇,minecraft:wildflowers
363,农林牧渔,mine_agriculture_forestry_livestock_fishery.json,黄色杨树树叶,minecraft:yellow_poplar_leaves
364,土建园林,mine_construction_landscaping.json,金合欢木门,minecraft:acacia_door
365,土建园林,mine_construction_landscaping.json,金合欢木栅栏,minecraft:acacia_fence
366,土建园林,mine_construction_landscaping.json,金合欢木栅栏门,minecraft:acacia_fence_gate
367,土建园林,mine_construction_landscaping.json,悬挂式金合欢木告示牌,minecraft:acacia_hanging_sign
368,土建园林,mine_construction_landscaping.json,金合欢木板,minecraft:acacia_planks
369,土建园林,mine_construction_landscaping.json,金合欢木展示架,minecraft:acacia_shelf
370,土建园林,mine_construction_landscaping.json,金合欢木告示牌,minecraft:acacia_sign
371,土建园林,mine_construction_landscaping.json,金合欢木台阶,minecraft:acacia_slab
372,土建园林,mine_construction_landscaping.json,金合欢木楼梯,minecraft:acacia_stairs
373,土建园林,mine_construction_landscaping.json,金合欢木活板门,minecraft:acacia_trapdoor
374,土建园林,mine_construction_landscaping.json,墙上的悬挂式金合欢木告示牌,minecraft:acacia_wall_hanging_sign
375,土建园林,mine_construction_landscaping.json,墙上的金合欢木告示牌,minecraft:acacia_wall_sign
376,土建园林,mine_construction_landscaping.json,安山岩台阶,minecraft:andesite_slab
377,土建园林,mine_construction_landscaping.json,安山岩楼梯,minecraft:andesite_stairs
378,土建园林,mine_construction_landscaping.json,安山岩墙,minecraft:andesite_wall
379,土建园林,mine_construction_landscaping.json,竹块,minecraft:bamboo_block
380,土建园林,mine_construction_landscaping.json,竹门,minecraft:bamboo_door
381,土建园林,mine_construction_landscaping.json,竹栅栏,minecraft:bamboo_fence
382,土建园林,mine_construction_landscaping.json,竹栅栏门,minecraft:bamboo_fence_gate
383,土建园林,mine_construction_landscaping.json,悬挂式竹告示牌,minecraft:bamboo_hanging_sign
384,土建园林,mine_construction_landscaping.json,竹马赛克,minecraft:bamboo_mosaic
385,土建园林,mine_construction_landscaping.json,竹马赛克台阶,minecraft:bamboo_mosaic_slab
386,土建园林,mine_construction_landscaping.json,竹马赛克楼梯,minecraft:bamboo_mosaic_stairs
387,土建园林,mine_construction_landscaping.json,竹板,minecraft:bamboo_planks
388,土建园林,mine_construction_landscaping.json,竹展示架,minecraft:bamboo_shelf
389,土建园林,mine_construction_landscaping.json,竹告示牌,minecraft:bamboo_sign
390,土建园林,mine_construction_landscaping.json,竹台阶,minecraft:bamboo_slab
391,土建园林,mine_construction_landscaping.json,竹楼梯,minecraft:bamboo_stairs
392,土建园林,mine_construction_landscaping.json,竹活板门,minecraft:bamboo_trapdoor
393,土建园林,mine_construction_landscaping.json,墙上的悬挂式竹告示牌,minecraft:bamboo_wall_hanging_sign
394,土建园林,mine_construction_landscaping.json,墙上的竹告示牌,minecraft:bamboo_wall_sign
395,土建园林,mine_construction_landscaping.json,白桦木门,minecraft:birch_door
396,土建园林,mine_construction_landscaping.json,白桦木栅栏,minecraft:birch_fence
397,土建园林,mine_construction_landscaping.json,白桦木栅栏门,minecraft:birch_fence_gate
398,土建园林,mine_construction_landscaping.json,悬挂式白桦木告示牌,minecraft:birch_hanging_sign
399,土建园林,mine_construction_landscaping.json,白桦木板,minecraft:birch_planks
400,土建园林,mine_construction_landscaping.json,白桦木展示架,minecraft:birch_shelf
401,土建园林,mine_construction_landscaping.json,白桦木告示牌,minecraft:birch_sign
402,土建园林,mine_construction_landscaping.json,白桦木台阶,minecraft:birch_slab
403,土建园林,mine_construction_landscaping.json,白桦木楼梯,minecraft:birch_stairs
404,土建园林,mine_construction_landscaping.json,白桦木活板门,minecraft:birch_trapdoor
405,土建园林,mine_construction_landscaping.json,墙上的悬挂式白桦木告示牌,minecraft:birch_wall_hanging_sign
406,土建园林,mine_construction_landscaping.json,墙上的白桦木告示牌,minecraft:birch_wall_sign
407,土建园林,mine_construction_landscaping.json,黑色旗帜,minecraft:black_banner
408,土建园林,mine_construction_landscaping.json,黑色床,minecraft:black_bed
409,土建园林,mine_construction_landscaping.json,黑色蜡烛,minecraft:black_candle
410,土建园林,mine_construction_landscaping.json,黑色地毯,minecraft:black_carpet
411,土建园林,mine_construction_landscaping.json,黑色混凝土,minecraft:black_concrete
412,土建园林,mine_construction_landscaping.json,黑色混凝土粉末,minecraft:black_concrete_powder
413,土建园林,mine_construction_landscaping.json,黑色混凝土台阶,minecraft:black_concrete_slab
414,土建园林,mine_construction_landscaping.json,黑色混凝土楼梯,minecraft:black_concrete_stairs
415,土建园林,mine_construction_landscaping.json,黑色带釉陶瓦,minecraft:black_glazed_terracotta
416,土建园林,mine_construction_landscaping.json,黑色染色玻璃,minecraft:black_stained_glass
417,土建园林,mine_construction_landscaping.json,黑色染色玻璃板,minecraft:black_stained_glass_pane
418,土建园林,mine_construction_landscaping.json,墙上的黑色旗帜,minecraft:black_wall_banner
419,土建园林,mine_construction_landscaping.json,黑色羊毛,minecraft:black_wool
420,土建园林,mine_construction_landscaping.json,黑色羊毛台阶,minecraft:black_wool_slab
421,土建园林,mine_construction_landscaping.json,黑色羊毛楼梯,minecraft:black_wool_stairs
422,土建园林,mine_construction_landscaping.json,黑石台阶,minecraft:blackstone_slab
423,土建园林,mine_construction_landscaping.json,黑石楼梯,minecraft:blackstone_stairs
424,土建园林,mine_construction_landscaping.json,黑石墙,minecraft:blackstone_wall
425,土建园林,mine_construction_landscaping.json,蓝色旗帜,minecraft:blue_banner
426,土建园林,mine_construction_landscaping.json,蓝色床,minecraft:blue_bed
427,土建园林,mine_construction_landscaping.json,蓝色蜡烛,minecraft:blue_candle
428,土建园林,mine_construction_landscaping.json,蓝色地毯,minecraft:blue_carpet
429,土建园林,mine_construction_landscaping.json,蓝色混凝土,minecraft:blue_concrete
430,土建园林,mine_construction_landscaping.json,蓝色混凝土粉末,minecraft:blue_concrete_powder
431,土建园林,mine_construction_landscaping.json,蓝色混凝土台阶,minecraft:blue_concrete_slab
432,土建园林,mine_construction_landscaping.json,蓝色混凝土楼梯,minecraft:blue_concrete_stairs
433,土建园林,mine_construction_landscaping.json,蓝色带釉陶瓦,minecraft:blue_glazed_terracotta
434,土建园林,mine_construction_landscaping.json,蓝色染色玻璃,minecraft:blue_stained_glass
435,土建园林,mine_construction_landscaping.json,蓝色染色玻璃板,minecraft:blue_stained_glass_pane
436,土建园林,mine_construction_landscaping.json,墙上的蓝色旗帜,minecraft:blue_wall_banner
437,土建园林,mine_construction_landscaping.json,蓝色羊毛,minecraft:blue_wool
438,土建园林,mine_construction_landscaping.json,蓝色羊毛台阶,minecraft:blue_wool_slab
439,土建园林,mine_construction_landscaping.json,蓝色羊毛楼梯,minecraft:blue_wool_stairs
440,土建园林,mine_construction_landscaping.json,骨块,minecraft:bone_block
441,土建园林,mine_construction_landscaping.json,书架,minecraft:bookshelf
442,土建园林,mine_construction_landscaping.json,红砖台阶,minecraft:brick_slab
443,土建园林,mine_construction_landscaping.json,红砖楼梯,minecraft:brick_stairs
444,土建园林,mine_construction_landscaping.json,红砖墙,minecraft:brick_wall
445,土建园林,mine_construction_landscaping.json,红砖块,minecraft:bricks
446,土建园林,mine_construction_landscaping.json,棕色旗帜,minecraft:brown_banner
447,土建园林,mine_construction_landscaping.json,棕色床,minecraft:brown_bed
448,土建园林,mine_construction_landscaping.json,棕色蜡烛,minecraft:brown_candle
449,土建园林,mine_construction_landscaping.json,棕色地毯,minecraft:brown_carpet
450,土建园林,mine_construction_landscaping.json,棕色混凝土,minecraft:brown_concrete
451,土建园林,mine_construction_landscaping.json,棕色混凝土粉末,minecraft:brown_concrete_powder
452,土建园林,mine_construction_landscaping.json,棕色混凝土台阶,minecraft:brown_concrete_slab
453,土建园林,mine_construction_landscaping.json,棕色混凝土楼梯,minecraft:brown_concrete_stairs
454,土建园林,mine_construction_landscaping.json,棕色带釉陶瓦,minecraft:brown_glazed_terracotta
455,土建园林,mine_construction_landscaping.json,棕色染色玻璃,minecraft:brown_stained_glass
456,土建园林,mine_construction_landscaping.json,棕色染色玻璃板,minecraft:brown_stained_glass_pane
457,土建园林,mine_construction_landscaping.json,墙上的棕色旗帜,minecraft:brown_wall_banner
458,土建园林,mine_construction_landscaping.json,棕色羊毛,minecraft:brown_wool
459,土建园林,mine_construction_landscaping.json,棕色羊毛台阶,minecraft:brown_wool_slab
460,土建园林,mine_construction_landscaping.json,棕色羊毛楼梯,minecraft:brown_wool_stairs
461,土建园林,mine_construction_landscaping.json,营火,minecraft:campfire
462,土建园林,mine_construction_landscaping.json,蜡烛,minecraft:candle
463,土建园林,mine_construction_landscaping.json,樱花木门,minecraft:cherry_door
464,土建园林,mine_construction_landscaping.json,樱花木栅栏,minecraft:cherry_fence
465,土建园林,mine_construction_landscaping.json,樱花木栅栏门,minecraft:cherry_fence_gate
466,土建园林,mine_construction_landscaping.json,悬挂式樱花木告示牌,minecraft:cherry_hanging_sign
467,土建园林,mine_construction_landscaping.json,樱花木板,minecraft:cherry_planks
468,土建园林,mine_construction_landscaping.json,樱花木展示架,minecraft:cherry_shelf
469,土建园林,mine_construction_landscaping.json,樱花木告示牌,minecraft:cherry_sign
470,土建园林,mine_construction_landscaping.json,樱花木台阶,minecraft:cherry_slab
471,土建园林,mine_construction_landscaping.json,樱花木楼梯,minecraft:cherry_stairs
472,土建园林,mine_construction_landscaping.json,樱花木活板门,minecraft:cherry_trapdoor
473,土建园林,mine_construction_landscaping.json,墙上的悬挂式樱花木告示牌,minecraft:cherry_wall_hanging_sign
474,土建园林,mine_construction_landscaping.json,墙上的樱花木告示牌,minecraft:cherry_wall_sign
475,土建园林,mine_construction_landscaping.json,雕纹书架,minecraft:chiseled_bookshelf
476,土建园林,mine_construction_landscaping.json,雕纹朱砂,minecraft:chiseled_cinnabar
477,土建园林,mine_construction_landscaping.json,雕纹铜块,minecraft:chiseled_copper
478,土建园林,mine_construction_landscaping.json,雕纹深板岩,minecraft:chiseled_deepslate
479,土建园林,mine_construction_landscaping.json,雕纹下界砖块,minecraft:chiseled_nether_bricks
480,土建园林,mine_construction_landscaping.json,雕纹磨制黑石,minecraft:chiseled_polished_blackstone
481,土建园林,mine_construction_landscaping.json,雕纹石英块,minecraft:chiseled_quartz_block
482,土建园林,mine_construction_landscaping.json,雕纹红砂岩,minecraft:chiseled_red_sandstone
483,土建园林,mine_construction_landscaping.json,雕纹树脂砖块,minecraft:chiseled_resin_bricks
484,土建园林,mine_construction_landscaping.json,雕纹砂岩,minecraft:chiseled_sandstone
485,土建园林,mine_construction_landscaping.json,雕纹石砖,minecraft:chiseled_stone_bricks
486,土建园林,mine_construction_landscaping.json,雕纹硫黄,minecraft:chiseled_sulfur
487,土建园林,mine_construction_landscaping.json,雕纹凝灰岩,minecraft:chiseled_tuff
488,土建园林,mine_construction_landscaping.json,雕纹凝灰岩砖,minecraft:chiseled_tuff_bricks
489,土建园林,mine_construction_landscaping.json,朱砂砖台阶,minecraft:cinnabar_brick_slab
490,土建园林,mine_construction_landscaping.json,朱砂砖楼梯,minecraft:cinnabar_brick_stairs
491,土建园林,mine_construction_landscaping.json,朱砂砖墙,minecraft:cinnabar_brick_wall
492,土建园林,mine_construction_landscaping.json,朱砂砖,minecraft:cinnabar_bricks
493,土建园林,mine_construction_landscaping.json,朱砂台阶,minecraft:cinnabar_slab
494,土建园林,mine_construction_landscaping.json,朱砂楼梯,minecraft:cinnabar_stairs
495,土建园林,mine_construction_landscaping.json,朱砂墙,minecraft:cinnabar_wall
496,土建园林,mine_construction_landscaping.json,深板岩圆石,minecraft:cobbled_deepslate
497,土建园林,mine_construction_landscaping.json,深板岩圆石台阶,minecraft:cobbled_deepslate_slab
498,土建园林,mine_construction_landscaping.json,深板岩圆石楼梯,minecraft:cobbled_deepslate_stairs
499,土建园林,mine_construction_landscaping.json,深板岩圆石墙,minecraft:cobbled_deepslate_wall
500,土建园林,mine_construction_landscaping.json,圆石台阶,minecraft:cobblestone_slab
501,土建园林,mine_construction_landscaping.json,圆石楼梯,minecraft:cobblestone_stairs
502,土建园林,mine_construction_landscaping.json,圆石墙,minecraft:cobblestone_wall
503,土建园林,mine_construction_landscaping.json,蜘蛛网,minecraft:cobweb
504,土建园林,mine_construction_landscaping.json,铜栏杆,minecraft:copper_bars
505,土建园林,mine_construction_landscaping.json,铜块,minecraft:copper_block
506,土建园林,mine_construction_landscaping.json,铜灯,minecraft:copper_bulb
507,土建园林,mine_construction_landscaping.json,铜链,minecraft:copper_chain
508,土建园林,mine_construction_landscaping.json,铜门,minecraft:copper_door
509,土建园林,mine_construction_landscaping.json,铜格栅,minecraft:copper_grate
510,土建园林,mine_construction_landscaping.json,铜灯笼,minecraft:copper_lantern
511,土建园林,mine_construction_landscaping.json,铜火把,minecraft:copper_torch
512,土建园林,mine_construction_landscaping.json,铜活板门,minecraft:copper_trapdoor
513,土建园林,mine_construction_landscaping.json,墙上的铜火把,minecraft:copper_wall_torch
514,土建园林,mine_construction_landscaping.json,裂纹深板岩砖,minecraft:cracked_deepslate_bricks
515,土建园林,mine_construction_landscaping.json,裂纹深板岩瓦,minecraft:cracked_deepslate_tiles
516,土建园林,mine_construction_landscaping.json,裂纹下界砖块,minecraft:cracked_nether_bricks
517,土建园林,mine_construction_landscaping.json,裂纹磨制黑石砖,minecraft:cracked_polished_blackstone_bricks
518,土建园林,mine_construction_landscaping.json,裂纹石砖,minecraft:cracked_stone_bricks
519,土建园林,mine_construction_landscaping.json,苦力怕的头,minecraft:creeper_head
520,土建园林,mine_construction_landscaping.json,墙上的苦力怕的头,minecraft:creeper_wall_head
521,土建园林,mine_construction_landscaping.json,绯红木门,minecraft:crimson_door
522,土建园林,mine_construction_landscaping.json,绯红木栅栏,minecraft:crimson_fence
523,土建园林,mine_construction_landscaping.json,绯红木栅栏门,minecraft:crimson_fence_gate
524,土建园林,mine_construction_landscaping.json,绯红菌,minecraft:crimson_fungus
525,土建园林,mine_construction_landscaping.json,悬挂式绯红木告示牌,minecraft:crimson_hanging_sign
526,土建园林,mine_construction_landscaping.json,绯红木板,minecraft:crimson_planks
527,土建园林,mine_construction_landscaping.json,绯红木展示架,minecraft:crimson_shelf
528,土建园林,mine_construction_landscaping.json,绯红木告示牌,minecraft:crimson_sign
529,土建园林,mine_construction_landscaping.json,绯红木台阶,minecraft:crimson_slab
530,土建园林,mine_construction_landscaping.json,绯红木楼梯,minecraft:crimson_stairs
531,土建园林,mine_construction_landscaping.json,绯红木活板门,minecraft:crimson_trapdoor
532,土建园林,mine_construction_landscaping.json,墙上的悬挂式绯红木告示牌,minecraft:crimson_wall_hanging_sign
533,土建园林,mine_construction_landscaping.json,墙上的绯红木告示牌,minecraft:crimson_wall_sign
534,土建园林,mine_construction_landscaping.json,切制铜块,minecraft:cut_copper
535,土建园林,mine_construction_landscaping.json,切制铜台阶,minecraft:cut_copper_slab
536,土建园林,mine_construction_landscaping.json,切制铜楼梯,minecraft:cut_copper_stairs
537,土建园林,mine_construction_landscaping.json,切制红砂岩,minecraft:cut_red_sandstone
538,土建园林,mine_construction_landscaping.json,切制红砂岩台阶,minecraft:cut_red_sandstone_slab
539,土建园林,mine_construction_landscaping.json,切制砂岩,minecraft:cut_sandstone
540,土建园林,mine_construction_landscaping.json,切制砂岩台阶,minecraft:cut_sandstone_slab
541,土建园林,mine_construction_landscaping.json,青色旗帜,minecraft:cyan_banner
542,土建园林,mine_construction_landscaping.json,青色床,minecraft:cyan_bed
543,土建园林,mine_construction_landscaping.json,青色蜡烛,minecraft:cyan_candle
544,土建园林,mine_construction_landscaping.json,青色地毯,minecraft:cyan_carpet
545,土建园林,mine_construction_landscaping.json,青色混凝土,minecraft:cyan_concrete
546,土建园林,mine_construction_landscaping.json,青色混凝土粉末,minecraft:cyan_concrete_powder
547,土建园林,mine_construction_landscaping.json,青色混凝土台阶,minecraft:cyan_concrete_slab
548,土建园林,mine_construction_landscaping.json,青色混凝土楼梯,minecraft:cyan_concrete_stairs
549,土建园林,mine_construction_landscaping.json,青色带釉陶瓦,minecraft:cyan_glazed_terracotta
550,土建园林,mine_construction_landscaping.json,青色染色玻璃,minecraft:cyan_stained_glass
551,土建园林,mine_construction_landscaping.json,青色染色玻璃板,minecraft:cyan_stained_glass_pane
552,土建园林,mine_construction_landscaping.json,墙上的青色旗帜,minecraft:cyan_wall_banner
553,土建园林,mine_construction_landscaping.json,青色羊毛,minecraft:cyan_wool
554,土建园林,mine_construction_landscaping.json,青色羊毛台阶,minecraft:cyan_wool_slab
555,土建园林,mine_construction_landscaping.json,青色羊毛楼梯,minecraft:cyan_wool_stairs
556,土建园林,mine_construction_landscaping.json,深色橡木门,minecraft:dark_oak_door
557,土建园林,mine_construction_landscaping.json,深色橡木栅栏,minecraft:dark_oak_fence
558,土建园林,mine_construction_landscaping.json,深色橡木栅栏门,minecraft:dark_oak_fence_gate
559,土建园林,mine_construction_landscaping.json,悬挂式深色橡木告示牌,minecraft:dark_oak_hanging_sign
560,土建园林,mine_construction_landscaping.json,深色橡木木板,minecraft:dark_oak_planks
561,土建园林,mine_construction_landscaping.json,深色橡木展示架,minecraft:dark_oak_shelf
562,土建园林,mine_construction_landscaping.json,深色橡木告示牌,minecraft:dark_oak_sign
563,土建园林,mine_construction_landscaping.json,深色橡木台阶,minecraft:dark_oak_slab
564,土建园林,mine_construction_landscaping.json,深色橡木楼梯,minecraft:dark_oak_stairs
565,土建园林,mine_construction_landscaping.json,深色橡木活板门,minecraft:dark_oak_trapdoor
566,土建园林,mine_construction_landscaping.json,墙上的悬挂式深色橡木告示牌,minecraft:dark_oak_wall_hanging_sign
567,土建园林,mine_construction_landscaping.json,墙上的深色橡木告示牌,minecraft:dark_oak_wall_sign
568,土建园林,mine_construction_landscaping.json,暗海晶石,minecraft:dark_prismarine
569,土建园林,mine_construction_landscaping.json,暗海晶石台阶,minecraft:dark_prismarine_slab
570,土建园林,mine_construction_landscaping.json,暗海晶石楼梯,minecraft:dark_prismarine_stairs
571,土建园林,mine_construction_landscaping.json,饰纹陶罐,minecraft:decorated_pot
572,土建园林,mine_construction_landscaping.json,深板岩砖台阶,minecraft:deepslate_brick_slab
573,土建园林,mine_construction_landscaping.json,深板岩砖楼梯,minecraft:deepslate_brick_stairs
574,土建园林,mine_construction_landscaping.json,深板岩砖墙,minecraft:deepslate_brick_wall
575,土建园林,mine_construction_landscaping.json,深板岩砖,minecraft:deepslate_bricks
576,土建园林,mine_construction_landscaping.json,深板岩瓦台阶,minecraft:deepslate_tile_slab
577,土建园林,mine_construction_landscaping.json,深板岩瓦楼梯,minecraft:deepslate_tile_stairs
578,土建园林,mine_construction_landscaping.json,深板岩瓦墙,minecraft:deepslate_tile_wall
579,土建园林,mine_construction_landscaping.json,深板岩瓦,minecraft:deepslate_tiles
580,土建园林,mine_construction_landscaping.json,钻石块,minecraft:diamond_block
581,土建园林,mine_construction_landscaping.json,闪长岩台阶,minecraft:diorite_slab
582,土建园林,mine_construction_landscaping.json,闪长岩楼梯,minecraft:diorite_stairs
583,土建园林,mine_construction_landscaping.json,闪长岩墙,minecraft:diorite_wall
584,土建园林,mine_construction_landscaping.json,龙首,minecraft:dragon_head
585,土建园林,mine_construction_landscaping.json,墙上的龙首,minecraft:dragon_wall_head
586,土建园林,mine_construction_landscaping.json,干海带块,minecraft:dried_kelp_block
587,土建园林,mine_construction_landscaping.json,绿宝石块,minecraft:emerald_block
588,土建园林,mine_construction_landscaping.json,末地烛,minecraft:end_rod
589,土建园林,mine_construction_landscaping.json,末地石砖台阶,minecraft:end_stone_brick_slab
590,土建园林,mine_construction_landscaping.json,末地石砖楼梯,minecraft:end_stone_brick_stairs
591,土建园林,mine_construction_landscaping.json,末地石砖墙,minecraft:end_stone_brick_wall
592,土建园林,mine_construction_landscaping.json,末地石砖,minecraft:end_stone_bricks
593,土建园林,mine_construction_landscaping.json,斑驳的雕纹铜块,minecraft:exposed_chiseled_copper
594,土建园林,mine_construction_landscaping.json,斑驳的铜块,minecraft:exposed_copper
595,土建园林,mine_construction_landscaping.json,斑驳的铜栏杆,minecraft:exposed_copper_bars
596,土建园林,mine_construction_landscaping.json,斑驳的铜灯,minecraft:exposed_copper_bulb
597,土建园林,mine_construction_landscaping.json,斑驳的铜链,minecraft:exposed_copper_chain
598,土建园林,mine_construction_landscaping.json,斑驳的铜门,minecraft:exposed_copper_door
599,土建园林,mine_construction_landscaping.json,斑驳的铜格栅,minecraft:exposed_copper_grate
600,土建园林,mine_construction_landscaping.json,斑驳的铜灯笼,minecraft:exposed_copper_lantern
601,土建园林,mine_construction_landscaping.json,斑驳的铜活板门,minecraft:exposed_copper_trapdoor
602,土建园林,mine_construction_landscaping.json,斑驳的切制铜块,minecraft:exposed_cut_copper
603,土建园林,mine_construction_landscaping.json,斑驳的切制铜台阶,minecraft:exposed_cut_copper_slab
604,土建园林,mine_construction_landscaping.json,斑驳的切制铜楼梯,minecraft:exposed_cut_copper_stairs
605,土建园林,mine_construction_landscaping.json,花盆,minecraft:flower_pot
606,土建园林,mine_construction_landscaping.json,玻璃,minecraft:glass
607,土建园林,mine_construction_landscaping.json,玻璃板,minecraft:glass_pane
608,土建园林,mine_construction_landscaping.json,金块,minecraft:gold_block
609,土建园林,mine_construction_landscaping.json,花岗岩台阶,minecraft:granite_slab
610,土建园林,mine_construction_landscaping.json,花岗岩楼梯,minecraft:granite_stairs
611,土建园林,mine_construction_landscaping.json,花岗岩墙,minecraft:granite_wall
612,土建园林,mine_construction_landscaping.json,草方块,minecraft:grass_block
613,土建园林,mine_construction_landscaping.json,灰色旗帜,minecraft:gray_banner
614,土建园林,mine_construction_landscaping.json,灰色床,minecraft:gray_bed
615,土建园林,mine_construction_landscaping.json,灰色蜡烛,minecraft:gray_candle
616,土建园林,mine_construction_landscaping.json,灰色地毯,minecraft:gray_carpet
617,土建园林,mine_construction_landscaping.json,灰色混凝土,minecraft:gray_concrete
618,土建园林,mine_construction_landscaping.json,灰色混凝土粉末,minecraft:gray_concrete_powder
619,土建园林,mine_construction_landscaping.json,灰色混凝土台阶,minecraft:gray_concrete_slab
620,土建园林,mine_construction_landscaping.json,灰色混凝土楼梯,minecraft:gray_concrete_stairs
621,土建园林,mine_construction_landscaping.json,灰色带釉陶瓦,minecraft:gray_glazed_terracotta
622,土建园林,mine_construction_landscaping.json,灰色染色玻璃,minecraft:gray_stained_glass
623,土建园林,mine_construction_landscaping.json,灰色染色玻璃板,minecraft:gray_stained_glass_pane
624,土建园林,mine_construction_landscaping.json,墙上的灰色旗帜,minecraft:gray_wall_banner
625,土建园林,mine_construction_landscaping.json,灰色羊毛,minecraft:gray_wool
626,土建园林,mine_construction_landscaping.json,灰色羊毛台阶,minecraft:gray_wool_slab
627,土建园林,mine_construction_landscaping.json,灰色羊毛楼梯,minecraft:gray_wool_stairs
628,土建园林,mine_construction_landscaping.json,绿色旗帜,minecraft:green_banner
629,土建园林,mine_construction_landscaping.json,绿色床,minecraft:green_bed
630,土建园林,mine_construction_landscaping.json,绿色蜡烛,minecraft:green_candle
631,土建园林,mine_construction_landscaping.json,绿色地毯,minecraft:green_carpet
632,土建园林,mine_construction_landscaping.json,绿色混凝土,minecraft:green_concrete
633,土建园林,mine_construction_landscaping.json,绿色混凝土粉末,minecraft:green_concrete_powder
634,土建园林,mine_construction_landscaping.json,绿色混凝土台阶,minecraft:green_concrete_slab
635,土建园林,mine_construction_landscaping.json,绿色混凝土楼梯,minecraft:green_concrete_stairs
636,土建园林,mine_construction_landscaping.json,绿色带釉陶瓦,minecraft:green_glazed_terracotta
637,土建园林,mine_construction_landscaping.json,绿色染色玻璃,minecraft:green_stained_glass
638,土建园林,mine_construction_landscaping.json,绿色染色玻璃板,minecraft:green_stained_glass_pane
639,土建园林,mine_construction_landscaping.json,墙上的绿色旗帜,minecraft:green_wall_banner
640,土建园林,mine_construction_landscaping.json,绿色羊毛,minecraft:green_wool
641,土建园林,mine_construction_landscaping.json,绿色羊毛台阶,minecraft:green_wool_slab
642,土建园林,mine_construction_landscaping.json,绿色羊毛楼梯,minecraft:green_wool_stairs
643,土建园林,mine_construction_landscaping.json,虫蚀雕纹石砖,minecraft:infested_chiseled_stone_bricks
644,土建园林,mine_construction_landscaping.json,虫蚀裂纹石砖,minecraft:infested_cracked_stone_bricks
645,土建园林,mine_construction_landscaping.json,虫蚀苔石砖,minecraft:infested_mossy_stone_bricks
646,土建园林,mine_construction_landscaping.json,铁栏杆,minecraft:iron_bars
647,土建园林,mine_construction_landscaping.json,铁块,minecraft:iron_block
648,土建园林,mine_construction_landscaping.json,铁链,minecraft:iron_chain
649,土建园林,mine_construction_landscaping.json,铁门,minecraft:iron_door
650,土建园林,mine_construction_landscaping.json,铁活板门,minecraft:iron_trapdoor
651,土建园林,mine_construction_landscaping.json,南瓜灯,minecraft:jack_o_lantern
652,土建园林,mine_construction_landscaping.json,丛林木门,minecraft:jungle_door
653,土建园林,mine_construction_landscaping.json,丛林木栅栏,minecraft:jungle_fence
654,土建园林,mine_construction_landscaping.json,丛林木栅栏门,minecraft:jungle_fence_gate
655,土建园林,mine_construction_landscaping.json,悬挂式丛林木告示牌,minecraft:jungle_hanging_sign
656,土建园林,mine_construction_landscaping.json,丛林木板,minecraft:jungle_planks
657,土建园林,mine_construction_landscaping.json,丛林木展示架,minecraft:jungle_shelf
658,土建园林,mine_construction_landscaping.json,丛林木告示牌,minecraft:jungle_sign
659,土建园林,mine_construction_landscaping.json,丛林木台阶,minecraft:jungle_slab
660,土建园林,mine_construction_landscaping.json,丛林木楼梯,minecraft:jungle_stairs
661,土建园林,mine_construction_landscaping.json,丛林木活板门,minecraft:jungle_trapdoor
662,土建园林,mine_construction_landscaping.json,墙上的悬挂式丛林木告示牌,minecraft:jungle_wall_hanging_sign
663,土建园林,mine_construction_landscaping.json,墙上的丛林木告示牌,minecraft:jungle_wall_sign
664,土建园林,mine_construction_landscaping.json,梯子,minecraft:ladder
665,土建园林,mine_construction_landscaping.json,灯笼,minecraft:lantern
666,土建园林,mine_construction_landscaping.json,青金石块,minecraft:lapis_block
667,土建园林,mine_construction_landscaping.json,淡蓝色旗帜,minecraft:light_blue_banner
668,土建园林,mine_construction_landscaping.json,淡蓝色床,minecraft:light_blue_bed
669,土建园林,mine_construction_landscaping.json,淡蓝色蜡烛,minecraft:light_blue_candle
670,土建园林,mine_construction_landscaping.json,淡蓝色地毯,minecraft:light_blue_carpet
671,土建园林,mine_construction_landscaping.json,淡蓝色混凝土,minecraft:light_blue_concrete
672,土建园林,mine_construction_landscaping.json,淡蓝色混凝土粉末,minecraft:light_blue_concrete_powder
673,土建园林,mine_construction_landscaping.json,淡蓝色混凝土台阶,minecraft:light_blue_concrete_slab
674,土建园林,mine_construction_landscaping.json,淡蓝色混凝土楼梯,minecraft:light_blue_concrete_stairs
675,土建园林,mine_construction_landscaping.json,淡蓝色带釉陶瓦,minecraft:light_blue_glazed_terracotta
676,土建园林,mine_construction_landscaping.json,淡蓝色染色玻璃,minecraft:light_blue_stained_glass
677,土建园林,mine_construction_landscaping.json,淡蓝色染色玻璃板,minecraft:light_blue_stained_glass_pane
678,土建园林,mine_construction_landscaping.json,墙上的淡蓝色旗帜,minecraft:light_blue_wall_banner
679,土建园林,mine_construction_landscaping.json,淡蓝色羊毛,minecraft:light_blue_wool
680,土建园林,mine_construction_landscaping.json,淡蓝色羊毛台阶,minecraft:light_blue_wool_slab
681,土建园林,mine_construction_landscaping.json,淡蓝色羊毛楼梯,minecraft:light_blue_wool_stairs
682,土建园林,mine_construction_landscaping.json,淡灰色旗帜,minecraft:light_gray_banner
683,土建园林,mine_construction_landscaping.json,淡灰色床,minecraft:light_gray_bed
684,土建园林,mine_construction_landscaping.json,淡灰色蜡烛,minecraft:light_gray_candle
685,土建园林,mine_construction_landscaping.json,淡灰色地毯,minecraft:light_gray_carpet
686,土建园林,mine_construction_landscaping.json,淡灰色混凝土,minecraft:light_gray_concrete
687,土建园林,mine_construction_landscaping.json,淡灰色混凝土粉末,minecraft:light_gray_concrete_powder
688,土建园林,mine_construction_landscaping.json,淡灰色混凝土台阶,minecraft:light_gray_concrete_slab
689,土建园林,mine_construction_landscaping.json,淡灰色混凝土楼梯,minecraft:light_gray_concrete_stairs
690,土建园林,mine_construction_landscaping.json,淡灰色带釉陶瓦,minecraft:light_gray_glazed_terracotta
691,土建园林,mine_construction_landscaping.json,淡灰色染色玻璃,minecraft:light_gray_stained_glass
692,土建园林,mine_construction_landscaping.json,淡灰色染色玻璃板,minecraft:light_gray_stained_glass_pane
693,土建园林,mine_construction_landscaping.json,墙上的淡灰色旗帜,minecraft:light_gray_wall_banner
694,土建园林,mine_construction_landscaping.json,淡灰色羊毛,minecraft:light_gray_wool
695,土建园林,mine_construction_landscaping.json,淡灰色羊毛台阶,minecraft:light_gray_wool_slab
696,土建园林,mine_construction_landscaping.json,淡灰色羊毛楼梯,minecraft:light_gray_wool_stairs
697,土建园林,mine_construction_landscaping.json,黄绿色旗帜,minecraft:lime_banner
698,土建园林,mine_construction_landscaping.json,黄绿色床,minecraft:lime_bed
699,土建园林,mine_construction_landscaping.json,黄绿色蜡烛,minecraft:lime_candle
700,土建园林,mine_construction_landscaping.json,黄绿色地毯,minecraft:lime_carpet
701,土建园林,mine_construction_landscaping.json,黄绿色混凝土,minecraft:lime_concrete
702,土建园林,mine_construction_landscaping.json,黄绿色混凝土粉末,minecraft:lime_concrete_powder
703,土建园林,mine_construction_landscaping.json,黄绿色混凝土台阶,minecraft:lime_concrete_slab
704,土建园林,mine_construction_landscaping.json,黄绿色混凝土楼梯,minecraft:lime_concrete_stairs
705,土建园林,mine_construction_landscaping.json,黄绿色带釉陶瓦,minecraft:lime_glazed_terracotta
706,土建园林,mine_construction_landscaping.json,黄绿色染色玻璃,minecraft:lime_stained_glass
707,土建园林,mine_construction_landscaping.json,黄绿色染色玻璃板,minecraft:lime_stained_glass_pane
708,土建园林,mine_construction_landscaping.json,墙上的黄绿色旗帜,minecraft:lime_wall_banner
709,土建园林,mine_construction_landscaping.json,黄绿色羊毛,minecraft:lime_wool
710,土建园林,mine_construction_landscaping.json,黄绿色羊毛台阶,minecraft:lime_wool_slab
711,土建园林,mine_construction_landscaping.json,黄绿色羊毛楼梯,minecraft:lime_wool_stairs
712,土建园林,mine_construction_landscaping.json,品红色旗帜,minecraft:magenta_banner
713,土建园林,mine_construction_landscaping.json,品红色床,minecraft:magenta_bed
714,土建园林,mine_construction_landscaping.json,品红色蜡烛,minecraft:magenta_candle
715,土建园林,mine_construction_landscaping.json,品红色地毯,minecraft:magenta_carpet
716,土建园林,mine_construction_landscaping.json,品红色混凝土,minecraft:magenta_concrete
717,土建园林,mine_construction_landscaping.json,品红色混凝土粉末,minecraft:magenta_concrete_powder
718,土建园林,mine_construction_landscaping.json,品红色混凝土台阶,minecraft:magenta_concrete_slab
719,土建园林,mine_construction_landscaping.json,品红色混凝土楼梯,minecraft:magenta_concrete_stairs
720,土建园林,mine_construction_landscaping.json,品红色带釉陶瓦,minecraft:magenta_glazed_terracotta
721,土建园林,mine_construction_landscaping.json,品红色染色玻璃,minecraft:magenta_stained_glass
722,土建园林,mine_construction_landscaping.json,品红色染色玻璃板,minecraft:magenta_stained_glass_pane
723,土建园林,mine_construction_landscaping.json,墙上的品红色旗帜,minecraft:magenta_wall_banner
724,土建园林,mine_construction_landscaping.json,品红色羊毛,minecraft:magenta_wool
725,土建园林,mine_construction_landscaping.json,品红色羊毛台阶,minecraft:magenta_wool_slab
726,土建园林,mine_construction_landscaping.json,品红色羊毛楼梯,minecraft:magenta_wool_stairs
727,土建园林,mine_construction_landscaping.json,红树木门,minecraft:mangrove_door
728,土建园林,mine_construction_landscaping.json,红树木栅栏,minecraft:mangrove_fence
729,土建园林,mine_construction_landscaping.json,红树木栅栏门,minecraft:mangrove_fence_gate
730,土建园林,mine_construction_landscaping.json,悬挂式红树木告示牌,minecraft:mangrove_hanging_sign
731,土建园林,mine_construction_landscaping.json,红树木板,minecraft:mangrove_planks
732,土建园林,mine_construction_landscaping.json,红树木展示架,minecraft:mangrove_shelf
733,土建园林,mine_construction_landscaping.json,红树木告示牌,minecraft:mangrove_sign
734,土建园林,mine_construction_landscaping.json,红树木台阶,minecraft:mangrove_slab
735,土建园林,mine_construction_landscaping.json,红树木楼梯,minecraft:mangrove_stairs
736,土建园林,mine_construction_landscaping.json,红树木活板门,minecraft:mangrove_trapdoor
737,土建园林,mine_construction_landscaping.json,墙上的悬挂式红树木告示牌,minecraft:mangrove_wall_hanging_sign
738,土建园林,mine_construction_landscaping.json,墙上的红树木告示牌,minecraft:mangrove_wall_sign
739,土建园林,mine_construction_landscaping.json,苔石,minecraft:mossy_cobblestone
740,土建园林,mine_construction_landscaping.json,苔石台阶,minecraft:mossy_cobblestone_slab
741,土建园林,mine_construction_landscaping.json,苔石楼梯,minecraft:mossy_cobblestone_stairs
742,土建园林,mine_construction_landscaping.json,苔石墙,minecraft:mossy_cobblestone_wall
743,土建园林,mine_construction_landscaping.json,苔石砖台阶,minecraft:mossy_stone_brick_slab
744,土建园林,mine_construction_landscaping.json,苔石砖楼梯,minecraft:mossy_stone_brick_stairs
745,土建园林,mine_construction_landscaping.json,苔石砖墙,minecraft:mossy_stone_brick_wall
746,土建园林,mine_construction_landscaping.json,苔石砖,minecraft:mossy_stone_bricks
747,土建园林,mine_construction_landscaping.json,泥砖台阶,minecraft:mud_brick_slab
748,土建园林,mine_construction_landscaping.json,泥砖楼梯,minecraft:mud_brick_stairs
749,土建园林,mine_construction_landscaping.json,泥砖墙,minecraft:mud_brick_wall
750,土建园林,mine_construction_landscaping.json,泥砖,minecraft:mud_bricks
751,土建园林,mine_construction_landscaping.json,下界砖栅栏,minecraft:nether_brick_fence
752,土建园林,mine_construction_landscaping.json,下界砖台阶,minecraft:nether_brick_slab
753,土建园林,mine_construction_landscaping.json,下界砖楼梯,minecraft:nether_brick_stairs
754,土建园林,mine_construction_landscaping.json,下界砖墙,minecraft:nether_brick_wall
755,土建园林,mine_construction_landscaping.json,下界砖块,minecraft:nether_bricks
756,土建园林,mine_construction_landscaping.json,下界合金块,minecraft:netherite_block
757,土建园林,mine_construction_landscaping.json,橡木门,minecraft:oak_door
758,土建园林,mine_construction_landscaping.json,橡木栅栏,minecraft:oak_fence
759,土建园林,mine_construction_landscaping.json,橡木栅栏门,minecraft:oak_fence_gate
760,土建园林,mine_construction_landscaping.json,悬挂式橡木告示牌,minecraft:oak_hanging_sign
761,土建园林,mine_construction_landscaping.json,橡木木板,minecraft:oak_planks
762,土建园林,mine_construction_landscaping.json,橡木展示架,minecraft:oak_shelf
763,土建园林,mine_construction_landscaping.json,橡木告示牌,minecraft:oak_sign
764,土建园林,mine_construction_landscaping.json,橡木台阶,minecraft:oak_slab
765,土建园林,mine_construction_landscaping.json,橡木楼梯,minecraft:oak_stairs
766,土建园林,mine_construction_landscaping.json,橡木活板门,minecraft:oak_trapdoor
767,土建园林,mine_construction_landscaping.json,墙上的悬挂式橡木告示牌,minecraft:oak_wall_hanging_sign
768,土建园林,mine_construction_landscaping.json,墙上的橡木告示牌,minecraft:oak_wall_sign
769,土建园林,mine_construction_landscaping.json,赭黄蛙明灯,minecraft:ochre_froglight
770,土建园林,mine_construction_landscaping.json,橙色旗帜,minecraft:orange_banner
771,土建园林,mine_construction_landscaping.json,橙色床,minecraft:orange_bed
772,土建园林,mine_construction_landscaping.json,橙色蜡烛,minecraft:orange_candle
773,土建园林,mine_construction_landscaping.json,橙色地毯,minecraft:orange_carpet
774,土建园林,mine_construction_landscaping.json,橙色混凝土,minecraft:orange_concrete
775,土建园林,mine_construction_landscaping.json,橙色混凝土粉末,minecraft:orange_concrete_powder
776,土建园林,mine_construction_landscaping.json,橙色混凝土台阶,minecraft:orange_concrete_slab
777,土建园林,mine_construction_landscaping.json,橙色混凝土楼梯,minecraft:orange_concrete_stairs
778,土建园林,mine_construction_landscaping.json,橙色带釉陶瓦,minecraft:orange_glazed_terracotta
779,土建园林,mine_construction_landscaping.json,橙色染色玻璃,minecraft:orange_stained_glass
780,土建园林,mine_construction_landscaping.json,橙色染色玻璃板,minecraft:orange_stained_glass_pane
781,土建园林,mine_construction_landscaping.json,墙上的橙色旗帜,minecraft:orange_wall_banner
782,土建园林,mine_construction_landscaping.json,橙色羊毛,minecraft:orange_wool
783,土建园林,mine_construction_landscaping.json,橙色羊毛台阶,minecraft:orange_wool_slab
784,土建园林,mine_construction_landscaping.json,橙色羊毛楼梯,minecraft:orange_wool_stairs
785,土建园林,mine_construction_landscaping.json,氧化的雕纹铜块,minecraft:oxidized_chiseled_copper
786,土建园林,mine_construction_landscaping.json,氧化的铜块,minecraft:oxidized_copper
787,土建园林,mine_construction_landscaping.json,氧化的铜栏杆,minecraft:oxidized_copper_bars
788,土建园林,mine_construction_landscaping.json,氧化的铜灯,minecraft:oxidized_copper_bulb
789,土建园林,mine_construction_landscaping.json,氧化的铜链,minecraft:oxidized_copper_chain
790,土建园林,mine_construction_landscaping.json,氧化的铜门,minecraft:oxidized_copper_door
791,土建园林,mine_construction_landscaping.json,氧化的铜格栅,minecraft:oxidized_copper_grate
792,土建园林,mine_construction_landscaping.json,氧化的铜灯笼,minecraft:oxidized_copper_lantern
793,土建园林,mine_construction_landscaping.json,氧化的铜活板门,minecraft:oxidized_copper_trapdoor
794,土建园林,mine_construction_landscaping.json,氧化的切制铜块,minecraft:oxidized_cut_copper
795,土建园林,mine_construction_landscaping.json,氧化的切制铜台阶,minecraft:oxidized_cut_copper_slab
796,土建园林,mine_construction_landscaping.json,氧化的切制铜楼梯,minecraft:oxidized_cut_copper_stairs
797,土建园林,mine_construction_landscaping.json,泥坯,minecraft:packed_mud
798,土建园林,mine_construction_landscaping.json,苍白垂须,minecraft:pale_hanging_moss
799,土建园林,mine_construction_landscaping.json,苍白橡木门,minecraft:pale_oak_door
800,土建园林,mine_construction_landscaping.json,苍白橡木栅栏,minecraft:pale_oak_fence
801,土建园林,mine_construction_landscaping.json,苍白橡木栅栏门,minecraft:pale_oak_fence_gate
802,土建园林,mine_construction_landscaping.json,悬挂式苍白橡木告示牌,minecraft:pale_oak_hanging_sign
803,土建园林,mine_construction_landscaping.json,苍白橡木木板,minecraft:pale_oak_planks
804,土建园林,mine_construction_landscaping.json,苍白橡木展示架,minecraft:pale_oak_shelf
805,土建园林,mine_construction_landscaping.json,苍白橡木告示牌,minecraft:pale_oak_sign
806,土建园林,mine_construction_landscaping.json,苍白橡木台阶,minecraft:pale_oak_slab
807,土建园林,mine_construction_landscaping.json,苍白橡木楼梯,minecraft:pale_oak_stairs
808,土建园林,mine_construction_landscaping.json,苍白橡木活板门,minecraft:pale_oak_trapdoor
809,土建园林,mine_construction_landscaping.json,墙上的悬挂式苍白橡木告示牌,minecraft:pale_oak_wall_hanging_sign
810,土建园林,mine_construction_landscaping.json,墙上的苍白橡木告示牌,minecraft:pale_oak_wall_sign
811,土建园林,mine_construction_landscaping.json,珠光蛙明灯,minecraft:pearlescent_froglight
812,土建园林,mine_construction_landscaping.json,石化橡木台阶,minecraft:petrified_oak_slab
813,土建园林,mine_construction_landscaping.json,猪灵的头,minecraft:piglin_head
814,土建园林,mine_construction_landscaping.json,墙上的猪灵的头,minecraft:piglin_wall_head
815,土建园林,mine_construction_landscaping.json,粉红色旗帜,minecraft:pink_banner
816,土建园林,mine_construction_landscaping.json,粉红色床,minecraft:pink_bed
817,土建园林,mine_construction_landscaping.json,粉红色蜡烛,minecraft:pink_candle
818,土建园林,mine_construction_landscaping.json,粉红色地毯,minecraft:pink_carpet
819,土建园林,mine_construction_landscaping.json,粉红色混凝土,minecraft:pink_concrete
820,土建园林,mine_construction_landscaping.json,粉红色混凝土粉末,minecraft:pink_concrete_powder
821,土建园林,mine_construction_landscaping.json,粉红色混凝土台阶,minecraft:pink_concrete_slab
822,土建园林,mine_construction_landscaping.json,粉红色混凝土楼梯,minecraft:pink_concrete_stairs
823,土建园林,mine_construction_landscaping.json,粉红色带釉陶瓦,minecraft:pink_glazed_terracotta
824,土建园林,mine_construction_landscaping.json,粉红色染色玻璃,minecraft:pink_stained_glass
825,土建园林,mine_construction_landscaping.json,粉红色染色玻璃板,minecraft:pink_stained_glass_pane
826,土建园林,mine_construction_landscaping.json,墙上的粉红色旗帜,minecraft:pink_wall_banner
827,土建园林,mine_construction_landscaping.json,粉红色羊毛,minecraft:pink_wool
828,土建园林,mine_construction_landscaping.json,粉红色羊毛台阶,minecraft:pink_wool_slab
829,土建园林,mine_construction_landscaping.json,粉红色羊毛楼梯,minecraft:pink_wool_stairs
830,土建园林,mine_construction_landscaping.json,玩家的头,minecraft:player_head
831,土建园林,mine_construction_landscaping.json,墙上的玩家的头,minecraft:player_wall_head
832,土建园林,mine_construction_landscaping.json,磨制安山岩,minecraft:polished_andesite
833,土建园林,mine_construction_landscaping.json,磨制安山岩台阶,minecraft:polished_andesite_slab
834,土建园林,mine_construction_landscaping.json,磨制安山岩楼梯,minecraft:polished_andesite_stairs
835,土建园林,mine_construction_landscaping.json,磨制玄武岩,minecraft:polished_basalt
836,土建园林,mine_construction_landscaping.json,磨制黑石,minecraft:polished_blackstone
837,土建园林,mine_construction_landscaping.json,磨制黑石砖台阶,minecraft:polished_blackstone_brick_slab
838,土建园林,mine_construction_landscaping.json,磨制黑石砖楼梯,minecraft:polished_blackstone_brick_stairs
839,土建园林,mine_construction_landscaping.json,磨制黑石砖墙,minecraft:polished_blackstone_brick_wall
840,土建园林,mine_construction_landscaping.json,磨制黑石砖,minecraft:polished_blackstone_bricks
841,土建园林,mine_construction_landscaping.json,磨制黑石台阶,minecraft:polished_blackstone_slab
842,土建园林,mine_construction_landscaping.json,磨制黑石楼梯,minecraft:polished_blackstone_stairs
843,土建园林,mine_construction_landscaping.json,磨制黑石墙,minecraft:polished_blackstone_wall
844,土建园林,mine_construction_landscaping.json,磨制朱砂,minecraft:polished_cinnabar
845,土建园林,mine_construction_landscaping.json,磨制朱砂台阶,minecraft:polished_cinnabar_slab
846,土建园林,mine_construction_landscaping.json,磨制朱砂楼梯,minecraft:polished_cinnabar_stairs
847,土建园林,mine_construction_landscaping.json,磨制朱砂墙,minecraft:polished_cinnabar_wall
848,土建园林,mine_construction_landscaping.json,磨制深板岩,minecraft:polished_deepslate
849,土建园林,mine_construction_landscaping.json,磨制深板岩台阶,minecraft:polished_deepslate_slab
850,土建园林,mine_construction_landscaping.json,磨制深板岩楼梯,minecraft:polished_deepslate_stairs
851,土建园林,mine_construction_landscaping.json,磨制深板岩墙,minecraft:polished_deepslate_wall
852,土建园林,mine_construction_landscaping.json,磨制闪长岩,minecraft:polished_diorite
853,土建园林,mine_construction_landscaping.json,磨制闪长岩台阶,minecraft:polished_diorite_slab
854,土建园林,mine_construction_landscaping.json,磨制闪长岩楼梯,minecraft:polished_diorite_stairs
855,土建园林,mine_construction_landscaping.json,磨制花岗岩,minecraft:polished_granite
856,土建园林,mine_construction_landscaping.json,磨制花岗岩台阶,minecraft:polished_granite_slab
857,土建园林,mine_construction_landscaping.json,磨制花岗岩楼梯,minecraft:polished_granite_stairs
858,土建园林,mine_construction_landscaping.json,磨制硫黄,minecraft:polished_sulfur
859,土建园林,mine_construction_landscaping.json,磨制硫黄台阶,minecraft:polished_sulfur_slab
860,土建园林,mine_construction_landscaping.json,磨制硫黄楼梯,minecraft:polished_sulfur_stairs
861,土建园林,mine_construction_landscaping.json,磨制硫黄墙,minecraft:polished_sulfur_wall
862,土建园林,mine_construction_landscaping.json,磨制凝灰岩,minecraft:polished_tuff
863,土建园林,mine_construction_landscaping.json,磨制凝灰岩台阶,minecraft:polished_tuff_slab
864,土建园林,mine_construction_landscaping.json,磨制凝灰岩楼梯,minecraft:polished_tuff_stairs
865,土建园林,mine_construction_landscaping.json,磨制凝灰岩墙,minecraft:polished_tuff_wall
866,土建园林,mine_construction_landscaping.json,杨木门,minecraft:poplar_door
867,土建园林,mine_construction_landscaping.json,杨木栅栏,minecraft:poplar_fence
868,土建园林,mine_construction_landscaping.json,杨木栅栏门,minecraft:poplar_fence_gate
869,土建园林,mine_construction_landscaping.json,悬挂式杨木告示牌,minecraft:poplar_hanging_sign
870,土建园林,mine_construction_landscaping.json,杨木木板,minecraft:poplar_planks
871,土建园林,mine_construction_landscaping.json,杨木展示架,minecraft:poplar_shelf
872,土建园林,mine_construction_landscaping.json,杨木告示牌,minecraft:poplar_sign
873,土建园林,mine_construction_landscaping.json,杨木台阶,minecraft:poplar_slab
874,土建园林,mine_construction_landscaping.json,杨木楼梯,minecraft:poplar_stairs
875,土建园林,mine_construction_landscaping.json,杨木活板门,minecraft:poplar_trapdoor
876,土建园林,mine_construction_landscaping.json,墙上的悬挂式杨木告示牌,minecraft:poplar_wall_hanging_sign
877,土建园林,mine_construction_landscaping.json,墙上的杨木告示牌,minecraft:poplar_wall_sign
878,土建园林,mine_construction_landscaping.json,绒球葱盆栽,minecraft:potted_allium
879,土建园林,mine_construction_landscaping.json,蓝花美耳草盆栽,minecraft:potted_azure_bluet
880,土建园林,mine_construction_landscaping.json,竹子盆栽,minecraft:potted_bamboo
881,土建园林,mine_construction_landscaping.json,棕色蘑菇盆栽,minecraft:potted_brown_mushroom
882,土建园林,mine_construction_landscaping.json,仙人掌盆栽,minecraft:potted_cactus
883,土建园林,mine_construction_landscaping.json,闭合的眼眸花盆栽,minecraft:potted_closed_eyeblossom
884,土建园林,mine_construction_landscaping.json,矢车菊盆栽,minecraft:potted_cornflower
885,土建园林,mine_construction_landscaping.json,绯红菌盆栽,minecraft:potted_crimson_fungus
886,土建园林,mine_construction_landscaping.json,绯红菌索盆栽,minecraft:potted_crimson_roots
887,土建园林,mine_construction_landscaping.json,蒲公英盆栽,minecraft:potted_dandelion
888,土建园林,mine_construction_landscaping.json,蕨盆栽,minecraft:potted_fern
889,土建园林,mine_construction_landscaping.json,金蒲公英盆栽,minecraft:potted_golden_dandelion
890,土建园林,mine_construction_landscaping.json,铃兰盆栽,minecraft:potted_lily_of_the_valley
891,土建园林,mine_construction_landscaping.json,张开的眼眸花盆栽,minecraft:potted_open_eyeblossom
892,土建园林,mine_construction_landscaping.json,滨菊盆栽,minecraft:potted_oxeye_daisy
893,土建园林,mine_construction_landscaping.json,虞美人盆栽,minecraft:potted_poppy
894,土建园林,mine_construction_landscaping.json,红色蘑菇盆栽,minecraft:potted_red_mushroom
895,土建园林,mine_construction_landscaping.json,火把花盆栽,minecraft:potted_torchflower
896,土建园林,mine_construction_landscaping.json,诡异菌盆栽,minecraft:potted_warped_fungus
897,土建园林,mine_construction_landscaping.json,诡异菌索盆栽,minecraft:potted_warped_roots
898,土建园林,mine_construction_landscaping.json,凋灵玫瑰盆栽,minecraft:potted_wither_rose
899,土建园林,mine_construction_landscaping.json,海晶石,minecraft:prismarine
900,土建园林,mine_construction_landscaping.json,海晶石砖台阶,minecraft:prismarine_brick_slab
901,土建园林,mine_construction_landscaping.json,海晶石砖楼梯,minecraft:prismarine_brick_stairs
902,土建园林,mine_construction_landscaping.json,海晶石砖,minecraft:prismarine_bricks
903,土建园林,mine_construction_landscaping.json,海晶石台阶,minecraft:prismarine_slab
904,土建园林,mine_construction_landscaping.json,海晶石楼梯,minecraft:prismarine_stairs
905,土建园林,mine_construction_landscaping.json,海晶石墙,minecraft:prismarine_wall
906,土建园林,mine_construction_landscaping.json,紫色旗帜,minecraft:purple_banner
907,土建园林,mine_construction_landscaping.json,紫色床,minecraft:purple_bed
908,土建园林,mine_construction_landscaping.json,紫色蜡烛,minecraft:purple_candle
909,土建园林,mine_construction_landscaping.json,紫色地毯,minecraft:purple_carpet
910,土建园林,mine_construction_landscaping.json,紫色混凝土,minecraft:purple_concrete
911,土建园林,mine_construction_landscaping.json,紫色混凝土粉末,minecraft:purple_concrete_powder
912,土建园林,mine_construction_landscaping.json,紫色混凝土台阶,minecraft:purple_concrete_slab
913,土建园林,mine_construction_landscaping.json,紫色混凝土楼梯,minecraft:purple_concrete_stairs
914,土建园林,mine_construction_landscaping.json,紫色带釉陶瓦,minecraft:purple_glazed_terracotta
915,土建园林,mine_construction_landscaping.json,紫色染色玻璃,minecraft:purple_stained_glass
916,土建园林,mine_construction_landscaping.json,紫色染色玻璃板,minecraft:purple_stained_glass_pane
917,土建园林,mine_construction_landscaping.json,墙上的紫色旗帜,minecraft:purple_wall_banner
918,土建园林,mine_construction_landscaping.json,紫色羊毛,minecraft:purple_wool
919,土建园林,mine_construction_landscaping.json,紫色羊毛台阶,minecraft:purple_wool_slab
920,土建园林,mine_construction_landscaping.json,紫色羊毛楼梯,minecraft:purple_wool_stairs
921,土建园林,mine_construction_landscaping.json,紫珀块,minecraft:purpur_block
922,土建园林,mine_construction_landscaping.json,紫珀柱,minecraft:purpur_pillar
923,土建园林,mine_construction_landscaping.json,紫珀台阶,minecraft:purpur_slab
924,土建园林,mine_construction_landscaping.json,紫珀楼梯,minecraft:purpur_stairs
925,土建园林,mine_construction_landscaping.json,石英块,minecraft:quartz_block
926,土建园林,mine_construction_landscaping.json,石英砖,minecraft:quartz_bricks
927,土建园林,mine_construction_landscaping.json,石英柱,minecraft:quartz_pillar
928,土建园林,mine_construction_landscaping.json,石英台阶,minecraft:quartz_slab
929,土建园林,mine_construction_landscaping.json,石英楼梯,minecraft:quartz_stairs
930,采矿冶金,mine_mining_metallurgy.json,粗铜块,minecraft:raw_copper_block
931,采矿冶金,mine_mining_metallurgy.json,粗金块,minecraft:raw_gold_block
932,采矿冶金,mine_mining_metallurgy.json,粗铁块,minecraft:raw_iron_block
933,土建园林,mine_construction_landscaping.json,红色旗帜,minecraft:red_banner
934,土建园林,mine_construction_landscaping.json,红色床,minecraft:red_bed
935,土建园林,mine_construction_landscaping.json,红色蜡烛,minecraft:red_candle
936,土建园林,mine_construction_landscaping.json,红色地毯,minecraft:red_carpet
937,土建园林,mine_construction_landscaping.json,红色混凝土,minecraft:red_concrete
938,土建园林,mine_construction_landscaping.json,红色混凝土粉末,minecraft:red_concrete_powder
939,土建园林,mine_construction_landscaping.json,红色混凝土台阶,minecraft:red_concrete_slab
940,土建园林,mine_construction_landscaping.json,红色混凝土楼梯,minecraft:red_concrete_stairs
941,土建园林,mine_construction_landscaping.json,红色带釉陶瓦,minecraft:red_glazed_terracotta
942,土建园林,mine_construction_landscaping.json,红色下界砖台阶,minecraft:red_nether_brick_slab
943,土建园林,mine_construction_landscaping.json,红色下界砖楼梯,minecraft:red_nether_brick_stairs
944,土建园林,mine_construction_landscaping.json,红色下界砖墙,minecraft:red_nether_brick_wall
945,土建园林,mine_construction_landscaping.json,红色下界砖块,minecraft:red_nether_bricks
946,土建园林,mine_construction_landscaping.json,红砂岩,minecraft:red_sandstone
947,土建园林,mine_construction_landscaping.json,红砂岩台阶,minecraft:red_sandstone_slab
948,土建园林,mine_construction_landscaping.json,红砂岩楼梯,minecraft:red_sandstone_stairs
949,土建园林,mine_construction_landscaping.json,红砂岩墙,minecraft:red_sandstone_wall
950,土建园林,mine_construction_landscaping.json,红色染色玻璃,minecraft:red_stained_glass
951,土建园林,mine_construction_landscaping.json,红色染色玻璃板,minecraft:red_stained_glass_pane
952,土建园林,mine_construction_landscaping.json,墙上的红色旗帜,minecraft:red_wall_banner
953,土建园林,mine_construction_landscaping.json,红色羊毛,minecraft:red_wool
954,土建园林,mine_construction_landscaping.json,红色羊毛台阶,minecraft:red_wool_slab
955,土建园林,mine_construction_landscaping.json,红色羊毛楼梯,minecraft:red_wool_stairs
956,土建园林,mine_construction_landscaping.json,强化深板岩,minecraft:reinforced_deepslate
957,土建园林,mine_construction_landscaping.json,树脂砖台阶,minecraft:resin_brick_slab
958,土建园林,mine_construction_landscaping.json,树脂砖楼梯,minecraft:resin_brick_stairs
959,土建园林,mine_construction_landscaping.json,树脂砖墙,minecraft:resin_brick_wall
960,土建园林,mine_construction_landscaping.json,树脂砖块,minecraft:resin_bricks
961,土建园林,mine_construction_landscaping.json,砂岩,minecraft:sandstone
962,土建园林,mine_construction_landscaping.json,砂岩台阶,minecraft:sandstone_slab
963,土建园林,mine_construction_landscaping.json,砂岩楼梯,minecraft:sandstone_stairs
964,土建园林,mine_construction_landscaping.json,砂岩墙,minecraft:sandstone_wall
965,土建园林,mine_construction_landscaping.json,脚手架,minecraft:scaffolding
966,土建园林,mine_construction_landscaping.json,海晶灯,minecraft:sea_lantern
967,土建园林,mine_construction_landscaping.json,骷髅头颅,minecraft:skeleton_skull
968,土建园林,mine_construction_landscaping.json,墙上的骷髅头颅,minecraft:skeleton_wall_skull
969,土建园林,mine_construction_landscaping.json,平滑玄武岩,minecraft:smooth_basalt
970,土建园林,mine_construction_landscaping.json,平滑石英块,minecraft:smooth_quartz
971,土建园林,mine_construction_landscaping.json,平滑石英台阶,minecraft:smooth_quartz_slab
972,土建园林,mine_construction_landscaping.json,平滑石英楼梯,minecraft:smooth_quartz_stairs
973,土建园林,mine_construction_landscaping.json,平滑红砂岩,minecraft:smooth_red_sandstone
974,土建园林,mine_construction_landscaping.json,平滑红砂岩台阶,minecraft:smooth_red_sandstone_slab
975,土建园林,mine_construction_landscaping.json,平滑红砂岩楼梯,minecraft:smooth_red_sandstone_stairs
976,土建园林,mine_construction_landscaping.json,平滑砂岩,minecraft:smooth_sandstone
977,土建园林,mine_construction_landscaping.json,平滑砂岩台阶,minecraft:smooth_sandstone_slab
978,土建园林,mine_construction_landscaping.json,平滑砂岩楼梯,minecraft:smooth_sandstone_stairs
979,土建园林,mine_construction_landscaping.json,平滑石头,minecraft:smooth_stone
980,土建园林,mine_construction_landscaping.json,平滑石头台阶,minecraft:smooth_stone_slab
981,土建园林,mine_construction_landscaping.json,灵魂营火,minecraft:soul_campfire
982,土建园林,mine_construction_landscaping.json,灵魂灯笼,minecraft:soul_lantern
983,土建园林,mine_construction_landscaping.json,灵魂火把,minecraft:soul_torch
984,土建园林,mine_construction_landscaping.json,墙上的灵魂火把,minecraft:soul_wall_torch
985,土建园林,mine_construction_landscaping.json,云杉木门,minecraft:spruce_door
986,土建园林,mine_construction_landscaping.json,云杉木栅栏,minecraft:spruce_fence
987,土建园林,mine_construction_landscaping.json,云杉木栅栏门,minecraft:spruce_fence_gate
988,土建园林,mine_construction_landscaping.json,悬挂式云杉木告示牌,minecraft:spruce_hanging_sign
989,土建园林,mine_construction_landscaping.json,云杉木板,minecraft:spruce_planks
990,土建园林,mine_construction_landscaping.json,云杉木展示架,minecraft:spruce_shelf
991,土建园林,mine_construction_landscaping.json,云杉木告示牌,minecraft:spruce_sign
992,土建园林,mine_construction_landscaping.json,云杉木台阶,minecraft:spruce_slab
993,土建园林,mine_construction_landscaping.json,云杉木楼梯,minecraft:spruce_stairs
994,土建园林,mine_construction_landscaping.json,云杉木活板门,minecraft:spruce_trapdoor
995,土建园林,mine_construction_landscaping.json,墙上的悬挂式云杉木告示牌,minecraft:spruce_wall_hanging_sign
996,土建园林,mine_construction_landscaping.json,墙上的云杉木告示牌,minecraft:spruce_wall_sign
997,土建园林,mine_construction_landscaping.json,石砖台阶,minecraft:stone_brick_slab
998,土建园林,mine_construction_landscaping.json,石砖楼梯,minecraft:stone_brick_stairs
999,土建园林,mine_construction_landscaping.json,石砖墙,minecraft:stone_brick_wall
1000,土建园林,mine_construction_landscaping.json,石砖,minecraft:stone_bricks
1001,土建园林,mine_construction_landscaping.json,石头台阶,minecraft:stone_slab
1002,土建园林,mine_construction_landscaping.json,石头楼梯,minecraft:stone_stairs
1003,土建园林,mine_construction_landscaping.json,去皮竹块,minecraft:stripped_bamboo_block
1004,土建园林,mine_construction_landscaping.json,硫黄砖台阶,minecraft:sulfur_brick_slab
1005,土建园林,mine_construction_landscaping.json,硫黄砖楼梯,minecraft:sulfur_brick_stairs
1006,土建园林,mine_construction_landscaping.json,硫黄砖墙,minecraft:sulfur_brick_wall
1007,土建园林,mine_construction_landscaping.json,硫黄砖,minecraft:sulfur_bricks
1008,土建园林,mine_construction_landscaping.json,硫黄台阶,minecraft:sulfur_slab
1009,土建园林,mine_construction_landscaping.json,硫黄楼梯,minecraft:sulfur_stairs
1010,土建园林,mine_construction_landscaping.json,硫黄墙,minecraft:sulfur_wall
1011,土建园林,mine_construction_landscaping.json,遮光玻璃,minecraft:tinted_glass
1012,土建园林,mine_construction_landscaping.json,火把,minecraft:torch
1013,土建园林,mine_construction_landscaping.json,凝灰岩砖台阶,minecraft:tuff_brick_slab
1014,土建园林,mine_construction_landscaping.json,凝灰岩砖楼梯,minecraft:tuff_brick_stairs
1015,土建园林,mine_construction_landscaping.json,凝灰岩砖墙,minecraft:tuff_brick_wall
1016,土建园林,mine_construction_landscaping.json,凝灰岩砖,minecraft:tuff_bricks
1017,土建园林,mine_construction_landscaping.json,凝灰岩台阶,minecraft:tuff_slab
1018,土建园林,mine_construction_landscaping.json,凝灰岩楼梯,minecraft:tuff_stairs
1019,土建园林,mine_construction_landscaping.json,凝灰岩墙,minecraft:tuff_wall
1020,土建园林,mine_construction_landscaping.json,青翠蛙明灯,minecraft:verdant_froglight
1021,土建园林,mine_construction_landscaping.json,墙上的火把,minecraft:wall_torch
1022,土建园林,mine_construction_landscaping.json,诡异木门,minecraft:warped_door
1023,土建园林,mine_construction_landscaping.json,诡异木栅栏,minecraft:warped_fence
1024,土建园林,mine_construction_landscaping.json,诡异木栅栏门,minecraft:warped_fence_gate
1025,土建园林,mine_construction_landscaping.json,诡异菌,minecraft:warped_fungus
1026,土建园林,mine_construction_landscaping.json,悬挂式诡异木告示牌,minecraft:warped_hanging_sign
1027,土建园林,mine_construction_landscaping.json,诡异木板,minecraft:warped_planks
1028,土建园林,mine_construction_landscaping.json,诡异木展示架,minecraft:warped_shelf
1029,土建园林,mine_construction_landscaping.json,诡异木告示牌,minecraft:warped_sign
1030,土建园林,mine_construction_landscaping.json,诡异木台阶,minecraft:warped_slab
1031,土建园林,mine_construction_landscaping.json,诡异木楼梯,minecraft:warped_stairs
1032,土建园林,mine_construction_landscaping.json,诡异木活板门,minecraft:warped_trapdoor
1033,土建园林,mine_construction_landscaping.json,墙上的悬挂式诡异木告示牌,minecraft:warped_wall_hanging_sign
1034,土建园林,mine_construction_landscaping.json,墙上的诡异木告示牌,minecraft:warped_wall_sign
1035,土建园林,mine_construction_landscaping.json,涂蜡的雕纹铜块,minecraft:waxed_chiseled_copper
1036,土建园林,mine_construction_landscaping.json,涂蜡的铜栏杆,minecraft:waxed_copper_bars
1037,土建园林,mine_construction_landscaping.json,涂蜡的铜块,minecraft:waxed_copper_block
1038,土建园林,mine_construction_landscaping.json,涂蜡的铜灯,minecraft:waxed_copper_bulb
1039,土建园林,mine_construction_landscaping.json,涂蜡的铜链,minecraft:waxed_copper_chain
1040,土建园林,mine_construction_landscaping.json,涂蜡的铜门,minecraft:waxed_copper_door
1041,土建园林,mine_construction_landscaping.json,涂蜡的铜格栅,minecraft:waxed_copper_grate
1042,土建园林,mine_construction_landscaping.json,涂蜡的铜灯笼,minecraft:waxed_copper_lantern
1043,土建园林,mine_construction_landscaping.json,涂蜡的铜活板门,minecraft:waxed_copper_trapdoor
1044,土建园林,mine_construction_landscaping.json,涂蜡的切制铜块,minecraft:waxed_cut_copper
1045,土建园林,mine_construction_landscaping.json,涂蜡的切制铜台阶,minecraft:waxed_cut_copper_slab
1046,土建园林,mine_construction_landscaping.json,涂蜡的切制铜楼梯,minecraft:waxed_cut_copper_stairs
1047,土建园林,mine_construction_landscaping.json,涂蜡的斑驳雕纹铜块,minecraft:waxed_exposed_chiseled_copper
1048,土建园林,mine_construction_landscaping.json,涂蜡的斑驳铜块,minecraft:waxed_exposed_copper
1049,土建园林,mine_construction_landscaping.json,涂蜡的斑驳铜栏杆,minecraft:waxed_exposed_copper_bars
1050,土建园林,mine_construction_landscaping.json,涂蜡的斑驳铜灯,minecraft:waxed_exposed_copper_bulb
1051,土建园林,mine_construction_landscaping.json,涂蜡的斑驳铜链,minecraft:waxed_exposed_copper_chain
1052,土建园林,mine_construction_landscaping.json,涂蜡的斑驳铜门,minecraft:waxed_exposed_copper_door
1053,土建园林,mine_construction_landscaping.json,涂蜡的斑驳铜格栅,minecraft:waxed_exposed_copper_grate
1054,土建园林,mine_construction_landscaping.json,涂蜡的斑驳铜灯笼,minecraft:waxed_exposed_copper_lantern
1055,土建园林,mine_construction_landscaping.json,涂蜡的斑驳铜活板门,minecraft:waxed_exposed_copper_trapdoor
1056,土建园林,mine_construction_landscaping.json,涂蜡的斑驳切制铜块,minecraft:waxed_exposed_cut_copper
1057,土建园林,mine_construction_landscaping.json,涂蜡的斑驳切制铜台阶,minecraft:waxed_exposed_cut_copper_slab
1058,土建园林,mine_construction_landscaping.json,涂蜡的斑驳切制铜楼梯,minecraft:waxed_exposed_cut_copper_stairs
1059,土建园林,mine_construction_landscaping.json,涂蜡的氧化雕纹铜块,minecraft:waxed_oxidized_chiseled_copper
1060,土建园林,mine_construction_landscaping.json,涂蜡的氧化铜块,minecraft:waxed_oxidized_copper
1061,土建园林,mine_construction_landscaping.json,涂蜡的氧化铜栏杆,minecraft:waxed_oxidized_copper_bars
1062,土建园林,mine_construction_landscaping.json,涂蜡的氧化铜灯,minecraft:waxed_oxidized_copper_bulb
1063,土建园林,mine_construction_landscaping.json,涂蜡的氧化铜链,minecraft:waxed_oxidized_copper_chain
1064,土建园林,mine_construction_landscaping.json,涂蜡的氧化铜门,minecraft:waxed_oxidized_copper_door
1065,土建园林,mine_construction_landscaping.json,涂蜡的氧化铜格栅,minecraft:waxed_oxidized_copper_grate
1066,土建园林,mine_construction_landscaping.json,涂蜡的氧化铜灯笼,minecraft:waxed_oxidized_copper_lantern
1067,土建园林,mine_construction_landscaping.json,涂蜡的氧化铜活板门,minecraft:waxed_oxidized_copper_trapdoor
1068,土建园林,mine_construction_landscaping.json,涂蜡的氧化切制铜块,minecraft:waxed_oxidized_cut_copper
1069,土建园林,mine_construction_landscaping.json,涂蜡的氧化切制铜台阶,minecraft:waxed_oxidized_cut_copper_slab
1070,土建园林,mine_construction_landscaping.json,涂蜡的氧化切制铜楼梯,minecraft:waxed_oxidized_cut_copper_stairs
1071,土建园林,mine_construction_landscaping.json,涂蜡的锈蚀雕纹铜块,minecraft:waxed_weathered_chiseled_copper
1072,土建园林,mine_construction_landscaping.json,涂蜡的锈蚀铜块,minecraft:waxed_weathered_copper
1073,土建园林,mine_construction_landscaping.json,涂蜡的锈蚀铜栏杆,minecraft:waxed_weathered_copper_bars
1074,土建园林,mine_construction_landscaping.json,涂蜡的锈蚀铜灯,minecraft:waxed_weathered_copper_bulb
1075,土建园林,mine_construction_landscaping.json,涂蜡的锈蚀铜链,minecraft:waxed_weathered_copper_chain
1076,土建园林,mine_construction_landscaping.json,涂蜡的锈蚀铜门,minecraft:waxed_weathered_copper_door
1077,土建园林,mine_construction_landscaping.json,涂蜡的锈蚀铜格栅,minecraft:waxed_weathered_copper_grate
1078,土建园林,mine_construction_landscaping.json,涂蜡的锈蚀铜灯笼,minecraft:waxed_weathered_copper_lantern
1079,土建园林,mine_construction_landscaping.json,涂蜡的锈蚀铜活板门,minecraft:waxed_weathered_copper_trapdoor
1080,土建园林,mine_construction_landscaping.json,涂蜡的锈蚀切制铜块,minecraft:waxed_weathered_cut_copper
1081,土建园林,mine_construction_landscaping.json,涂蜡的锈蚀切制铜台阶,minecraft:waxed_weathered_cut_copper_slab
1082,土建园林,mine_construction_landscaping.json,涂蜡的锈蚀切制铜楼梯,minecraft:waxed_weathered_cut_copper_stairs
1083,土建园林,mine_construction_landscaping.json,锈蚀的雕纹铜块,minecraft:weathered_chiseled_copper
1084,土建园林,mine_construction_landscaping.json,锈蚀的铜块,minecraft:weathered_copper
1085,土建园林,mine_construction_landscaping.json,锈蚀的铜栏杆,minecraft:weathered_copper_bars
1086,土建园林,mine_construction_landscaping.json,锈蚀的铜灯,minecraft:weathered_copper_bulb
1087,土建园林,mine_construction_landscaping.json,锈蚀的铜链,minecraft:weathered_copper_chain
1088,土建园林,mine_construction_landscaping.json,锈蚀的铜门,minecraft:weathered_copper_door
1089,土建园林,mine_construction_landscaping.json,锈蚀的铜格栅,minecraft:weathered_copper_grate
1090,土建园林,mine_construction_landscaping.json,锈蚀的铜灯笼,minecraft:weathered_copper_lantern
1091,土建园林,mine_construction_landscaping.json,锈蚀的铜活板门,minecraft:weathered_copper_trapdoor
1092,土建园林,mine_construction_landscaping.json,锈蚀的切制铜块,minecraft:weathered_cut_copper
1093,土建园林,mine_construction_landscaping.json,锈蚀的切制铜台阶,minecraft:weathered_cut_copper_slab
1094,土建园林,mine_construction_landscaping.json,锈蚀的切制铜楼梯,minecraft:weathered_cut_copper_stairs
1095,土建园林,mine_construction_landscaping.json,白色旗帜,minecraft:white_banner
1096,土建园林,mine_construction_landscaping.json,白色床,minecraft:white_bed
1097,土建园林,mine_construction_landscaping.json,白色蜡烛,minecraft:white_candle
1098,土建园林,mine_construction_landscaping.json,白色地毯,minecraft:white_carpet
1099,土建园林,mine_construction_landscaping.json,白色混凝土,minecraft:white_concrete
1100,土建园林,mine_construction_landscaping.json,白色混凝土粉末,minecraft:white_concrete_powder
1101,土建园林,mine_construction_landscaping.json,白色混凝土台阶,minecraft:white_concrete_slab
1102,土建园林,mine_construction_landscaping.json,白色混凝土楼梯,minecraft:white_concrete_stairs
1103,土建园林,mine_construction_landscaping.json,白色带釉陶瓦,minecraft:white_glazed_terracotta
1104,土建园林,mine_construction_landscaping.json,白色染色玻璃,minecraft:white_stained_glass
1105,土建园林,mine_construction_landscaping.json,白色染色玻璃板,minecraft:white_stained_glass_pane
1106,土建园林,mine_construction_landscaping.json,墙上的白色旗帜,minecraft:white_wall_banner
1107,土建园林,mine_construction_landscaping.json,白色羊毛,minecraft:white_wool
1108,土建园林,mine_construction_landscaping.json,白色羊毛台阶,minecraft:white_wool_slab
1109,土建园林,mine_construction_landscaping.json,白色羊毛楼梯,minecraft:white_wool_stairs
1110,土建园林,mine_construction_landscaping.json,凋灵玫瑰,minecraft:wither_rose
1111,土建园林,mine_construction_landscaping.json,凋灵骷髅头颅,minecraft:wither_skeleton_skull
1112,土建园林,mine_construction_landscaping.json,墙上的凋灵骷髅头颅,minecraft:wither_skeleton_wall_skull
1113,土建园林,mine_construction_landscaping.json,黄色旗帜,minecraft:yellow_banner
1114,土建园林,mine_construction_landscaping.json,黄色床,minecraft:yellow_bed
1115,土建园林,mine_construction_landscaping.json,黄色蜡烛,minecraft:yellow_candle
1116,土建园林,mine_construction_landscaping.json,黄色地毯,minecraft:yellow_carpet
1117,土建园林,mine_construction_landscaping.json,黄色混凝土,minecraft:yellow_concrete
1118,土建园林,mine_construction_landscaping.json,黄色混凝土粉末,minecraft:yellow_concrete_powder
1119,土建园林,mine_construction_landscaping.json,黄色混凝土台阶,minecraft:yellow_concrete_slab
1120,土建园林,mine_construction_landscaping.json,黄色混凝土楼梯,minecraft:yellow_concrete_stairs
1121,土建园林,mine_construction_landscaping.json,黄色带釉陶瓦,minecraft:yellow_glazed_terracotta
1122,土建园林,mine_construction_landscaping.json,黄色染色玻璃,minecraft:yellow_stained_glass
1123,土建园林,mine_construction_landscaping.json,黄色染色玻璃板,minecraft:yellow_stained_glass_pane
1124,土建园林,mine_construction_landscaping.json,墙上的黄色旗帜,minecraft:yellow_wall_banner
1125,土建园林,mine_construction_landscaping.json,黄色羊毛,minecraft:yellow_wool
1126,土建园林,mine_construction_landscaping.json,黄色羊毛台阶,minecraft:yellow_wool_slab
1127,土建园林,mine_construction_landscaping.json,黄色羊毛楼梯,minecraft:yellow_wool_stairs
1128,土建园林,mine_construction_landscaping.json,僵尸的头,minecraft:zombie_head
1129,土建园林,mine_construction_landscaping.json,墙上的僵尸的头,minecraft:zombie_wall_head
